Workbook
Name bank_bloom: '[1]Bloomberg Codes'!$N$2:$U$23
Name date_cds: OFFSET(#REF!,0,0,1,COUNTA(#REF!))
Name date_fx: OFFSET(#REF!,0,0,1,COUNTA(#REF!))
Name date_lookup: '[1]Sovereign Indicators'!$C$1
Name date_stock: OFFSET(#REF!,0,0,1,COUNTA(#REF!))
Name graph_cds_change: OFFSET(#REF!,0,0,1,COUNTA(#REF!))
Name graph_cds_level: OFFSET(#REF!,0,0,1,COUNTA(#REF!))
Name graph_fx_change: OFFSET(#REF!,0,0,1,COUNTA(#REF!))
Name graph_stock_change: OFFSET(#REF!,0,0,1,COUNTA(#REF!))
Name IQ_CH: 110000
Name IQ_CQ: 5000
Name IQ_CY: 10000
Name IQ_DAILY: 500000
Name IQ_FH: 100000
Name IQ_FQ: 500
Name IQ_FY: 1000
Name IQ_LTM: 2000
Name IQ_MONTH: 15000
Name IQ_NTM: 6000
Name IQ_WEEK: 50000
Name IQ_YTD: 3000
Name sov_bloom: '[1]Bloomberg Codes'!$A$3:$J$43

Sheet _CIQHiddenCacheSheet
A1: 107 | B1: BAABTAVMT0NBTAFI/////wFQ2wMAACNDSVEuSVFUNDYyMjUwMDYuSVFfQ0RTX01JRC4wOS8xMC8yNgEAAAD4VQ0AAgAAAAc2Mi43MDA0AOBrhikXKd8I6F8oaBcp3wgjQ0lRLklRVDQ2MjIwMzI5LklRX0NEU19NSUQuMDkvMTAvMjYBAAAA21sAAAIAAAAHNjAuMzMzMwDC8C0pFynfCCEhKWgXKd8II0NJUS5JUVQ0NjI2MjM3OC5JUV9DRFNfTUlELjAzLzEwLzI2AQAAAEDSiQECAAAABzI2Ljc5ODMAyB2GKRcp3wiwuStoFynfCCNDSVEuSVFUNDYxOTc2OTQuSVFfQ0RTX01JRC4wMy8xMC8yNgEAAAAH+gUAAgAAAAc2MS44NTcxAMpEhikXKd8IsLkraBcp3wgjQ0lRLklRVDYyMjcwMTA3LklRX0NEU19NSUQuMDMvMTAvMjYBAAAAFVkAAAIAAAAHNDUuMjgwNQDga4YpFynfCFPzLGgXKd8II0NJUS5JUVQ0NjIwNzMwOC5JUV9DRFNfTUlELjAyLzEwLzI2AQAAADmJegECAAAABjE5LjYyNQDIHYYpFynfCFPzLGgXKd8II0NJUS5JUVQ0NjIxMDAzMi5JUV9DRFNfTUlELjAyLzEwLzI2AQAAAI9VowECAAAABzM1LjQ1ODcAykSGKRcp3whT8yxoFynfCCNDSVEuSVFUNDYyMjUzNzQuSVFfQ0RTX01JRC4wMi8xMC8yNgEAAAC11gUAAgAAAAc0OS42NjA3AOBrhikXKd8IU/MsaBcp3wgjQ0lRLklRVDQ5NzUxMTk2LklRX0NEU19NSUQuMDEvMTAvMjYBAAAAzZm9AAIAAAAHNDIuMzgyMQDIHYYpFynfCIsKM2gXKd8II0NJ | C1: US5JUVQ2MDM4OTUxNi5JUV9DRFNfTUlELjAxLzEwLzI2AQAAAKXwwwECAAAABjcuMzkwNgDKRIYpFynfCIsKM2gXKd8IJENJUS5JUVQzMjM2ODAxMzAuSVFfQ0RTX01JRC4wMS8xMC8yNgEAAABx4QIAAgAAAAc1OC44OTc1AMpEhikXKd8IiwozaBcp3wgkQ0lRLklRVDMxMzMxNTQyOS5JUV9DRFNfTUlELjAxLzEwLzI2AQAAADnnBQACAAAABzYzLjc1NjkAwvAtKRcp3wiLCjNoFynfCCNDSVEuSVFUNDYyMDY3NzkuSVFfQ0RTX01JRC4zMC8wOS8yNgEAAAD87zYAAgAAAAQyMi44AMgdhikXKd8InMwwaBcp3wgjQ0lRLklRVDQ2MjE4Njc0LklRX0NEU19NSUQuMzAvMDkvMjYBAAAAV8o2AAIAAAAIMTM0LjA0NTEAykSGKRcp3wjJiDFoFynfCCNDSVEuSVFUNDYyMjU3MTUuSVFfQ0RTX01JRC4zMC8wOS8yNgEAAAC35QQAAgAAAAc0My4xODcxAOBrhikXKd8IyYgxaBcp3wgjQ0lRLklRVDQ2MjA3ODcyLklRX0NEU19NSUQuMTEvMTAvMjYBAAAAWA0KAAIAAAAHNDQuMDk5NQDKRIYpFynfCAd8JmgXKd8II0NJUS5JUVQ0NjIwMDMxNy5JUV9DRFNfTUlELjExLzEwLzI2AQAAAP5UDQACAAAABzY5Ljk0OTEAwsktKRcp3wjX3SZoFynfCCRDSVEuSVFUNjQ0NzAxNzk3LklRX0NEU19NSUQuMTAvMTAvMjYBAAAAUz99AQIAAAAHMTEuNDU1MwDIHYYpFynfCIkvJ2gXKd8II0NJUS5JUVQ0NjIxNjk4Ni5JUV9DRFNfTUlE | D1: LjEwLzEwLzI2AQAAAM5EOAEDAAAAAADKRIYpFynfCIkvJ2gXKd8IJENJUS5JUVQyNTQ5NTUyMzMuSVFfQ0RTX01JRC4xMC8xMC8yNgEAAAA5VgoAAgAAAAc1Mi44MjYyAOBrhikXKd8IiS8naBcp3wgjQ0lRLklRVDQ2MTk2MjI1LklRX0NEU19NSUQuMDkvMTAvMjYBAAAAvlWjAQIAAAAFMzEuNDQAyB2GKRcp3wiJLydoFynfCCNDSVEuSVFUNTEwMjMyNjAuSVFfQ0RTX01JRC4wOS8xMC8yNgEAAACxEX8BAgAAAAcxNS45MDQ0AMpEhikXKd8I6F8oaBcp3wgjQ0lRLklRVDQ2MjI0NzQwLklRX0NEU19NSUQuMDkvMTAvMjYBAAAA03IIAAIAAAAHNTguNTU4MgDga4YpFynfCOhfKGgXKd8IJENJUS5JUVQzMTMzMTczNDQuSVFfQ0RTX01JRC4wOS8xMC8yNgEAAADxrAEAAgAAAAc2MS45Njg5AMLwLSkXKd8IISEpaBcp3wgjQ0lRLklRVDQ2MjAwMjc2LklRX0NEU19NSUQuMDMvMTAvMjYBAAAAlnd8AQIAAAAFMzMuNDgAyB2GKRcp3wiwuStoFynfCCNDSVEuSVFUNDYxOTU0OTEuSVFfQ0RTX01JRC4wMy8xMC8yNgEAAABpSgAAAgAAAAc2My44NjIxAMpEhikXKd8IsLkraBcp3wgjQ0lRLklRVDc5NjM0OTAxLklRX0NEU19NSUQuMDMvMTAvMjYBAAAAnAYQAAIAAAAHNTYuNDk4MwDga4YpFynfCFPzLGgXKd8II0NJUS5JUVQ0NjIwNzU3MS5JUV9DRFNfTUlELjAyLzEwLzI2AQAAAG3vNQACAAAABzcyLjQ1ODEAyB2G | E1: KRcp3whT8yxoFynfCCNDSVEuSVFUNDYyMTM0NzIuSVFfQ0RTX01JRC4wMi8xMC8yNgEAAAC5WjgAAgAAAAYxNi4wNjQAykSGKRcp3whT8yxoFynfCCRDSVEuSVFUMjYzMjEzMTMyLklRX0NEU19NSUQuMDIvMTAvMjYBAAAA4ZoIAAIAAAAHNjguMTEwMQDga4YpFynfCGUuLmgXKd8II0NJUS5JUVQ0NjE5NDk5NS5JUV9DRFNfTUlELjAxLzEwLzI2AQAAAG4QMQACAAAABzE1LjMwOTUAyB2GKRcp3wiLCjNoFynfCCNDSVEuSVFUNDYyMjIyOTIuSVFfQ0RTX01JRC4wMS8xMC8yNgEAAADRkZsBAgAAAAg1ODcuMzQxMgDKRIYpFynfCIsKM2gXKd8II0NJUS5JUVQ0NjIyNTAwNi5JUV9DRFNfTUlELjAxLzEwLzI2AQAAAPhVDQACAAAABzY0LjY0MDIA4GuGKRcp3wiLCjNoFynfCCNDSVEuSVFUNDYyMjAzMjkuSVFfQ0RTX01JRC4wMS8xMC8yNgEAAADbWwAAAgAAAAQ2MC41AMLwLSkXKd8IiwozaBcp3wgjQ0lRLklRVDQ2MjYyMzc4LklRX0NEU19NSUQuMzAvMDkvMjYBAAAAQNKJAQIAAAAGMjIuMTM1AMgdhikXKd8InMwwaBcp3wgjQ0lRLklRVDQ2MTk3Njk0LklRX0NEU19NSUQuMzAvMDkvMjYBAAAAB/oFAAIAAAAHNjEuMzY3OADKRIYpFynfCMmIMWgXKd8II0NJUS5JUVQ2MjI3MDEwNy5JUV9DRFNfTUlELjMwLzA5LzI2AQAAABVZAAACAAAABzQzLjc1NDcA4GuGKRcp3wjJiDFoFynfCCNDSVEuSVFUNDk3NTEx | F1: OTYuSVFfQ0RTX01JRC4wOC8xMC8yNgEAAADNmb0AAgAAAAY0Mi43NjYAyB2GKRcp3wghISloFynfCCNDSVEuSVFUNjAzODk1MTYuSVFfQ0RTX01JRC4wOC8xMC8yNgEAAACl8MMBAgAAAAY3LjMwNzEAykSGKRcp3whhSCloFynfCCRDSVEuSVFUMzIzNjgwMTMwLklRX0NEU19NSUQuMDgvMTAvMjYBAAAAceECAAIAAAAHNTUuMzIyNADKRIYpFynfCDziKWgXKd8IJENJUS5JUVQzMTMzMTU0MjkuSVFfQ0RTX01JRC4wOC8xMC8yNgEAAAA55wUAAgAAAAQ2My41AMLwLSkXKd8IPOIpaBcp3wgjQ0lRLklRVDQ2MjA2Nzc5LklRX0NEU19NSUQuMDcvMTAvMjYBAAAA/O82AAIAAAAHMzAuMTk2MwDIHYYpFynfCMmIMWgXKd8II0NJUS5JUVQ0NjIxODY3NC5JUV9DRFNfTUlELjA3LzEwLzI2AQAAAFfKNgACAAAACDEzNy40NDg3AMpEhikXKd8IyYgxaBcp3wgjQ0lRLklRVDQ2MjI1NzE1LklRX0NEU19NSUQuMDcvMTAvMjYBAAAAt+UEAAIAAAAHNDMuMTU1MQDga4YpFynfCMmIMWgXKd8II0NJUS5JUVQ0NjIwNDg4NC5JUV9DRFNfTUlELjA2LzEwLzI2AQAAAIFRwAECAAAABzQ4LjA4MzMAyB2GKRcp3wimfC5oFynfCCNDSVEuSVFUNDYyMDc3ODkuSVFfQ0RTX01JRC4wNi8xMC8yNgEAAAAqWKMBAgAAAAcyOS4yNDgzAMpEhikXKd8IpnwuaBcp3wgkQ0lRLklRVDI4NjA5NjEzMS5JUV9DRFNfTUlELjA2LzEwLzI2AQAA | G1: ADvxBAACAAAABzcwLjYxOTQA4GuGKRcp3wimfC5oFynfCCNDSVEuSVFUNDYyMTA1NjAuSVFfQ0RTX01JRC4wNC8xMC8yNgEAAAD2GjcAAgAAAAgxMDAuOTk4MgDIHYYpFynfCDziKWgXKd8II0NJUS5JUVQ0NjIxOTkyMi5JUV9DRFNfTUlELjA0LzEwLzI2AQAAANZHOQECAAAABTguOTc1AMgdhikXKd8IUnQraBcp3wgjQ0lRLklRVDQ2MjIzNjQ2LklRX0NEU19NSUQuMDQvMTAvMjYBAAAAG3gEAAIAAAAHNTYuNjU4NADKRIYpFynfCLC5K2gXKd8IJENJUS5JUVQzMTMzMTQ5NzYuSVFfQ0RTX01JRC4wNC8xMC8yNgEAAABtSgAAAgAAAAc1My44OTU3AMLwLSkXKd8IsLkraBcp3wgjQ0lRLklRVDQ2MjE4NTE2LklRX0NEU19NSUQuMTMvMDcvMjYBAAAAplWjAQIAAAAHMzYuMTQ5MwDIHYYpFynfCCn+L2gXKd8II0NJUS5JUVQ0NjIyMDgwMy5JUV9DRFNfTUlELjEzLzA3LzI2AQAAANbJNgACAAAABzQxLjM2NzgAykSGKRcp3wiczDBoFynfCCNDSVEuSVFUNDYyMDAzNjQuSVFfQ0RTX01JRC4xMy8wNy8yNgEAAABXhggAAgAAAAUyNC45OADga4YpFynfCJzMMGgXKd8II0NJUS5JUVQ0NjIwNDMwMC5JUV9DRFNfTUlELjA1LzEwLzI2AQAAAPYlfQACAAAABTEyLjM1AMgdhikXKd8IPOIpaBcp3wgjQ0lRLklRVDYwMzg4MDU3LklRX0NEU19NSUQuMDUvMTAvMjYBAAAA38l9AQMAAAAAAMpEhikXKd8IPOIpaBcp3wgj | H1: Q0lRLklRVDQ2MTk5ODQxLklRX0NEU19NSUQuMDUvMTAvMjYBAAAA6zAGAAMAAAAAAOBrhikXKd8IPOIpaBcp3wgkQ0lRLklRVDMxMzMxMDE4NC5JUV9DRFNfTUlELjI5LzA5LzI2AQAAAGBEPgACAAAABzExLjU1MTEAyB2GKRcp3wimfC5oFynfCCNDSVEuSVFUNDYyMTQ4NzkuSVFfQ0RTX01JRC4yOS8wOS8yNgEAAAD1GjcAAgAAAAc1NS4zNDY1AMgdhikXKd8IpnwuaBcp3wgjQ0lRLklRVDQ2NDcwODc3LklRX0NEU19NSUQuMjkvMDkvMjYBAAAAQjcHAAIAAAAHNjMuODQ4NwDKRIYpFynfCKZ8LmgXKd8IJENJUS5JUVQzMTMzMTA4NTQuSVFfQ0RTX01JRC4yOS8wOS8yNgEAAACvVA0AAgAAAAc2NC42NDk3AMLwLSkXKd8IKf4vaBcp3wgjQ0lRLklRVDQ2MjE0OTU0LklRX0NEU19NSUQuMTMvMTAvMjUBAAAAOj05AQIAAAAFMjEuMjUAyB2GKRcp3wiLCjNoFynfCCNDSVEuSVFUNDYyMDg2MzQuSVFfQ0RTX01JRC4xMy8xMC8yNQEAAAADH8IAAgAAAAcyNC42ODEyAMpEhikXKd8Ic480aBcp3wgjQ0lRLklRVDQ2MjI1MDgzLklRX0NEU19NSUQuMTMvMTAvMjUBAAAAVkQGAAIAAAAHNDQuNzE0MwDga4YpFynfCEzeNGgXKd8II0NJUS5JUVQ0NjE5NzY5NC5JUV9DRFNfTUlELjA3LzEwLzI2AQAAAAf6BQACAAAABzYxLjY3OTYAykSGKRcp3wjJiDFoFynfCCNDSVEuSVFUNjIyNzAxMDcuSVFfQ0RTX01JRC4wNy8x | I1: MC8yNgEAAAAVWQAAAgAAAAc0NS4xMTg0AOBrhikXKd8IyYgxaBcp3wgjQ0lRLklRVDQ2MjA3MzA4LklRX0NEU19NSUQuMDYvMTAvMjYBAAAAOYl6AQIAAAAHMTcuNDQxNwDIHYYpFynfCKZ8LmgXKd8II0NJUS5JUVQ0NjIxMDAzMi5JUV9DRFNfTUlELjA2LzEwLzI2AQAAAI9VowECAAAABzM0LjI4MTkAykSGKRcp3wimfC5oFynfCCNDSVEuSVFUNDYyMjUzNzQuSVFfQ0RTX01JRC4wNi8xMC8yNgEAAAC11gUAAgAAAAc0Ny41MjU4AOBrhikXKd8IpnwuaBcp3wgjQ0lRLklRVDQ5NzUxMTk2LklRX0NEU19NSUQuMDQvMTAvMjYBAAAAzZm9AAIAAAAHNDIuNzA0NgDIHYYpFynfCDziKWgXKd8II0NJUS5JUVQ2MDM4OTUxNi5JUV9DRFNfTUlELjA0LzEwLzI2AQAAAKXwwwECAAAABjcuMjkyNADKRIYpFynfCFJ0K2gXKd8IJENJUS5JUVQzMjM2ODAxMzAuSVFfQ0RTX01JRC4wNC8xMC8yNgEAAABx4QIAAgAAAAc1OC41MjE0AMpEhikXKd8IsLkraBcp3wgkQ0lRLklRVDMxMzMxNTQyOS5JUV9DRFNfTUlELjA0LzEwLzI2AQAAADnnBQACAAAABjYzLjg3OQDC8C0pFynfCLC5K2gXKd8II0NJUS5JUVQ0NjIwNjc3OS5JUV9DRFNfTUlELjEzLzA3LzI2AQAAAPzvNgACAAAABzE2LjAyMDYAyB2GKRcp3wgp/i9oFynfCCNDSVEuSVFUNDYyMTg2NzQuSVFfQ0RTX01JRC4xMy8wNy8yNgEAAABXyjYAAgAAAAgxMjQuMzgx | J1: NgDKRIYpFynfCJzMMGgXKd8II0NJUS5JUVQ0NjIyNTcxNS5JUV9DRFNfTUlELjEzLzA3LzI2AQAAALflBAACAAAABzQxLjE3MzcA4GuGKRcp3wiczDBoFynfCCNDSVEuSVFUNDYyMDQ4ODQuSVFfQ0RTX01JRC4wNS8xMC8yNgEAAACBUcABAgAAAAc1MC4zMzI1AMgdhikXKd8IPOIpaBcp3wgjQ0lRLklRVDQ2MjA3Nzg5LklRX0NEU19NSUQuMDUvMTAvMjYBAAAAKlijAQIAAAAGMjkuMzY3AMpEhikXKd8IPOIpaBcp3wgkQ0lRLklRVDI4NjA5NjEzMS5JUV9DRFNfTUlELjA1LzEwLzI2AQAAADvxBAACAAAABzc0LjMwNDMA4GuGKRcp3wg84iloFynfCCNDSVEuSVFUNDYyMTA1NjAuSVFfQ0RTX01JRC4yOS8wOS8yNgEAAAD2GjcAAgAAAAc5Mi4yMzA0AMgdhikXKd8IpnwuaBcp3wgjQ0lRLklRVDQ2MjE5OTIyLklRX0NEU19NSUQuMjkvMDkvMjYBAAAA1kc5AQIAAAAFOC4wMjYAyB2GKRcp3wimfC5oFynfCCNDSVEuSVFUNDYyMjM2NDYuSVFfQ0RTX01JRC4yOS8wOS8yNgEAAAAbeAQAAgAAAAc1NS44NDc3AMpEhikXKd8IpnwuaBcp3wgkQ0lRLklRVDMxMzMxNDk3Ni5JUV9DRFNfTUlELjI5LzA5LzI2AQAAAG1KAAACAAAABzU1LjU0MzIAwvAtKRcp3wgp/i9oFynfCCNDSVEuSVFUNDYyMTg1MTYuSVFfQ0RTX01JRC4xMy8xMC8yNQEAAACmVaMBAgAAAAczNC41Nzc5AMgdhikXKd8IiwozaBcp3wgjQ0lRLklR | K1: VDQ2MjIwODAzLklRX0NEU19NSUQuMTMvMTAvMjUBAAAA1sk2AAIAAAAHNDEuOTgxMQDKRIYpFynfCHOPNGgXKd8II0NJUS5JUVQ0NjIwMDM2NC5JUV9DRFNfTUlELjEzLzEwLzI1AQAAAFeGCAACAAAABzM2LjU1MDQA4GuGKRcp3whM3jRoFynfCCRDSVEuSVFUMzEzMzE3MzQ0LklRX0NEU19NSUQuMDgvMTAvMjYBAAAA8awBAAIAAAAHNjIuMzg1NQDC8C0pFynfCDziKWgXKd8II0NJUS5JUVQ0NjIwMDI3Ni5JUV9DRFNfTUlELjA3LzEwLzI2AQAAAJZ3fAECAAAABzM0LjcwMzEAyB2GKRcp3wjJiDFoFynfCCNDSVEuSVFUNDYxOTU0OTEuSVFfQ0RTX01JRC4wNy8xMC8yNgEAAABpSgAAAgAAAAc2Mi43MzgxAMpEhikXKd8IyYgxaBcp3wgjQ0lRLklRVDc5NjM0OTAxLklRX0NEU19NSUQuMDcvMTAvMjYBAAAAnAYQAAIAAAAHNTYuNTA1OADga4YpFynfCMmIMWgXKd8II0NJUS5JUVQ0NjIwNzU3MS5JUV9DRFNfTUlELjA2LzEwLzI2AQAAAG3vNQACAAAABzYxLjAwMzkAyB2GKRcp3wimfC5oFynfCCNDSVEuSVFUNDYyMTM0NzIuSVFfQ0RTX01JRC4wNi8xMC8yNgEAAAC5WjgAAgAAAAcxNi4xMzM1AMpEhikXKd8IpnwuaBcp3wgjQ0lRLklRVDQ2MjIyMjkyLklRX0NEU19NSUQuMDQvMTAvMjYBAAAA0ZGbAQIAAAAINzU0LjI5MTcAykSGKRcp3whSdCtoFynfCCNDSVEuSVFUNDYyMjUwMDYuSVFfQ0RTX01JRC4w | L1: NC8xMC8yNgEAAAD4VQ0AAgAAAAc2Ny4yMDk4AOBrhikXKd8IsLkraBcp3wgjQ0lRLklRVDQ2MjIwMzI5LklRX0NEU19NSUQuMDQvMTAvMjYBAAAA21sAAAIAAAAENjAuNQDC8C0pFynfCLC5K2gXKd8II0NJUS5JUVQ0NjI2MjM3OC5JUV9DRFNfTUlELjEzLzA3LzI2AQAAAEDSiQECAAAABzE3LjgzMzMAyB2GKRcp3wgp/i9oFynfCCNDSVEuSVFUNDYxOTc2OTQuSVFfQ0RTX01JRC4xMy8wNy8yNgEAAAAH+gUAAgAAAAc1Mi4wNTIxAMpEhikXKd8InMwwaBcp3wgjQ0lRLklRVDYyMjcwMTA3LklRX0NEU19NSUQuMTMvMDcvMjYBAAAAFVkAAAIAAAAHNDEuMjUxOADga4YpFynfCJzMMGgXKd8II0NJUS5JUVQ0NjIwNzMwOC5JUV9DRFNfTUlELjA1LzEwLzI2AQAAADmJegECAAAABzE3LjgzMzMAyB2GKRcp3wg84iloFynfCCRDSVEuSVFUMzIzNjgwMTMwLklRX0NEU19NSUQuMjkvMDkvMjYBAAAAceECAAIAAAAHNTcuNDcwNgDKRIYpFynfCKZ8LmgXKd8II0NJUS5JUVQ0NjIxODY3NC5JUV9DRFNfTUlELjEzLzEwLzI1AQAAAFfKNgACAAAACDE3Mi43NTYxAMpEhikXKd8Ic480aBcp3wgjQ0lRLklRVDQ2MjI1NzE1LklRX0NEU19NSUQuMTMvMTAvMjUBAAAAt+UEAAIAAAAHMzQuMTYzOADga4YpFynfCEzeNGgXKd8II0NJUS5JUVQ0NjIxNDg3OS5JUV9DRFNfTUlELjAzLzEwLzI2AQAAAPUaNwACAAAABzU2Ljgz | M1: MzgAyB2GKRcp3wiwuStoFynfCCNDSVEuSVFUNDY0NzA4NzcuSVFfQ0RTX01JRC4wMy8xMC8yNgEAAABCNwcAAgAAAAc2NC4yNjc1AMpEhikXKd8IU/MsaBcp3wgkQ0lRLklRVDMxMzMxMDg1NC5JUV9DRFNfTUlELjAzLzEwLzI2AQAAAK9UDQACAAAABzY0LjM4NjcAwvAtKRcp3whT8yxoFynfCCNDSVEuSVFUNDYyMTQ5NTQuSVFfQ0RTX01JRC4wMi8xMC8yNgEAAAA6PTkBAgAAAAcyMi42MzI2AMgdhikXKd8IU/MsaBcp3wgjQ0lRLklRVDQ2MjA4NjM0LklRX0NEU19NSUQuMDIvMTAvMjYBAAAAAx/CAAIAAAAHMjQuMjUxNgDKRIYpFynfCFPzLGgXKd8II0NJUS5JUVQ2MjI3MDEwNi5JUV9DRFNfTUlELjMwLzA5LzI2AQAAAK13gwACAAAABzc0Ljc0OTUAwsktKRcp3wjJiDFoFynfCCNDSVEuSVFUNDYyMDMzMzIuSVFfQ0RTX01JRC4wOC8xMC8yNgEAAABfHjcAAgAAAAcxMy42NjY3AMgdhikXKd8IYUgpaBcp3wgkQ0lRLklRVDMxMzMxMzUyNC5JUV9DRFNfTUlELjA4LzEwLzI2AQAAAO9VDQACAAAABzU2LjAyNzIAwvAtKRcp3wg84iloFynfCCNDSVEuSVFUNzk2Mzk5MTMuSVFfQ0RTX01JRC4wNy8xMC8yNgEAAAAgYxwCAgAAAAU5LjY1NgDIHYYpFynfCMmIMWgXKd8II0NJUS5JUVQ0NjIwNzg3Mi5JUV9DRFNfTUlELjA3LzEwLzI2AQAAAFgNCgACAAAABzQ0LjM4NjYAykSGKRcp3wjJiDFoFynfCCNDSVEu | N1: SVFUNDYyMDAzMTcuSVFfQ0RTX01JRC4wNy8xMC8yNgEAAAD+VA0AAgAAAAc3MC4wMjA5AMLJLSkXKd8IyYgxaBcp3wgkQ0lRLklRVDY0NDcwMTc5Ny5JUV9DRFNfTUlELjA2LzEwLzI2AQAAAFM/fQECAAAABzEwLjU5NzcAyB2GKRcp3wimfC5oFynfCCNDSVEuSVFUNDYyMTY5ODYuSVFfQ0RTX01JRC4wNi8xMC8yNgEAAADORDgBAwAAAAAAykSGKRcp3wimfC5oFynfCCNDSVEuSVFUNDYxOTYyMjUuSVFfQ0RTX01JRC4wNC8xMC8yNgEAAAC+VaMBAgAAAAUyNy45NgDIHYYpFynfCDziKWgXKd8II0NJUS5JUVQ1MTAyMzI2MC5JUV9DRFNfTUlELjA0LzEwLzI2AQAAALERfwECAAAABzE1Ljg0MjMAykSGKRcp3whSdCtoFynfCCNDSVEuSVFUNDYyMjQ3NDAuSVFfQ0RTX01JRC4wNC8xMC8yNgEAAADTcggAAgAAAAc2Mi4zNTkxAOBrhikXKd8IsLkraBcp3wgkQ0lRLklRVDMxMzMxNzM0NC5JUV9DRFNfTUlELjA0LzEwLzI2AQAAAPGsAQACAAAABzYxLjQ4NDIAwvAtKRcp3wiwuStoFynfCCNDSVEuSVFUNDYyMDAyNzYuSVFfQ0RTX01JRC4xMy8wNy8yNgEAAACWd3wBAgAAAAcyOC45NjkzAMgdhikXKd8IKf4vaBcp3wgjQ0lRLklRVDQ2MTk1NDkxLklRX0NEU19NSUQuMTMvMDcvMjYBAAAAaUoAAAIAAAAHNTQuMjI2NQDKRIYpFynfCJzMMGgXKd8II0NJUS5JUVQ0NjIwNzU3MS5JUV9DRFNfTUlELjA1LzEwLzI2 | O1: AQAAAG3vNQACAAAABTY4LjM1AMgdhikXKd8IPOIpaBcp3wgjQ0lRLklRVDQ2MjEzNDcyLklRX0NEU19NSUQuMDUvMTAvMjYBAAAAuVo4AAIAAAAGMTYuMTcxAMpEhikXKd8IPOIpaBcp3wgkQ0lRLklRVDI2MzIxMzEzMi5JUV9DRFNfTUlELjA1LzEwLzI2AQAAAOGaCAACAAAABzY4LjY5OTEA4GuGKRcp3wg84iloFynfCCNDSVEuSVFUNDYyNjIzNzguSVFfQ0RTX01JRC4xMy8xMC8yNQEAAABA0okBAgAAAAcyMi4zOTQ1AMgdhikXKd8IiwozaBcp3wgjQ0lRLklRVDQ2MjA4NjM0LklRX0NEU19NSUQuMDYvMTAvMjYBAAAAAx/CAAIAAAAHMjQuMDMxMgDKRIYpFynfCKZ8LmgXKd8IJENJUS5JUVQ1Mjg5MzY4MTIuSVFfQ0RTX01JRC4wNC8xMC8yNgEAAABsWwYAAgAAAAc1Ny41MjM5AOBrhikXKd8IsLkraBcp3wgjQ0lRLklRVDQ2MjA0OTU3LklRX0NEU19NSUQuMTEvMTAvMjYBAAAAIRUGAAIAAAAHNjIuNTU5OADKRIYpFynfCAd8JmgXKd8II0NJUS5JUVQ2MjI3MDEwNi5JUV9DRFNfTUlELjExLzEwLzI2AQAAAK13gwACAAAABzc0Ljc1NjkAwsktKRcp3wiJLydoFynfCCNDSVEuSVFUNzk2NDAwMjQuSVFfQ0RTX01JRC4xMC8xMC8yNgEAAAA1j5sBAgAAAAcxMy4zMzMzAMgdhikXKd8IiS8naBcp3wgkQ0lRLklRVDMxMzMwNTg3OS5JUV9DRFNfTUlELjEwLzEwLzI2AQAAAITW3AECAAAABjIuMjkzOQDKRIYp | P1: FynfCIkvJ2gXKd8II0NJUS5JUVQ0NjIwMDQxMi5JUV9DRFNfTUlELjEwLzEwLzI2AQAAAGNDBgACAAAABzU2LjUzMzMA4GuGKRcp3wiJLydoFynfCCNDSVEuSVFUNDYyMDMzMzIuSVFfQ0RTX01JRC4wOS8xMC8yNgEAAABfHjcAAgAAAAIxNADIHYYpFynfCIkvJ2gXKd8II0NJUS5JUVQ0NjIxNTExMS5JUV9DRFNfTUlELjA5LzEwLzI2AQAAAKBLsgECAAAABzM2LjQzMjYAykSGKRcp3wjoXyhoFynfCCNDSVEuSVFUNDYyMjYxMzIuSVFfQ0RTX01JRC4wOS8xMC8yNgEAAADdWQAAAgAAAAc2Ny4yNzYxAOBrhikXKd8I6F8oaBcp3wgkQ0lRLklRVDMxMzMxMzUyNC5JUV9DRFNfTUlELjA5LzEwLzI2AQAAAO9VDQACAAAABzU0LjQ5MDQAwvAtKRcp3wghISloFynfCCNDSVEuSVFUNzk2Mzk5MTMuSVFfQ0RTX01JRC4wMy8xMC8yNgEAAAAgYxwCAgAAAAY5LjY5MDkAyB2GKRcp3wiwuStoFynfCCNDSVEuSVFUNDYyMDc4NzIuSVFfQ0RTX01JRC4wMy8xMC8yNgEAAABYDQoAAgAAAAc0NC4xMzIxAMpEhikXKd8IU/MsaBcp3wgjQ0lRLklRVDQ2MjAwMzE3LklRX0NEU19NSUQuMDMvMTAvMjYBAAAA/lQNAAIAAAAHNzAuMjA0NgDCyS0pFynfCFPzLGgXKd8IJENJUS5JUVQ2NDQ3MDE3OTcuSVFfQ0RTX01JRC4wMi8xMC8yNgEAAABTP30BAgAAAAcxMC45NTcyAMgdhikXKd8IU/MsaBcp3wgjQ0lRLklRVDQ2MjE2OTg2 | Q1: LklRX0NEU19NSUQuMDIvMTAvMjYBAAAAzkQ4AQMAAAAAAMpEhikXKd8IU/MsaBcp3wgkQ0lRLklRVDI1NDk1NTIzMy5JUV9DRFNfTUlELjAyLzEwLzI2AQAAADlWCgACAAAABzU0LjAwMDcA4GuGKRcp3whlLi5oFynfCCNDSVEuSVFUNDYxOTYyMjUuSVFfQ0RTX01JRC4wMS8xMC8yNgEAAAC+VaMBAgAAAAcyNi41NjY1AMgdhikXKd8IiwozaBcp3wgjQ0lRLklRVDUxMDIzMjYwLklRX0NEU19NSUQuMDEvMTAvMjYBAAAAsRF/AQIAAAAHMTUuNjI4MwDKRIYpFynfCIsKM2gXKd8II0NJUS5JUVQ0NjIyNDc0MC5JUV9DRFNfTUlELjAxLzEwLzI2AQAAANNyCAACAAAABzYwLjIwOTgA4GuGKRcp3wiLCjNoFynfCCRDSVEuSVFUMzEzMzE3MzQ0LklRX0NEU19NSUQuMDEvMTAvMjYBAAAA8awBAAIAAAAHNjAuNjk2MQDC8C0pFynfCIsKM2gXKd8II0NJUS5JUVQ0NjIwMDI3Ni5JUV9DRFNfTUlELjMwLzA5LzI2AQAAAJZ3fAECAAAABzMzLjQ5MDEAyB2GKRcp3wiczDBoFynfCCNDSVEuSVFUNDYxOTU0OTEuSVFfQ0RTX01JRC4zMC8wOS8yNgEAAABpSgAAAgAAAAc2Mi4zMTYzAMpEhikXKd8IyYgxaBcp3wgjQ0lRLklRVDc5NjM0OTAxLklRX0NEU19NSUQuMzAvMDkvMjYBAAAAnAYQAAIAAAAHNTYuMTM5NgDga4YpFynfCMmIMWgXKd8II0NJUS5JUVQ0NjE5NDk5NS5JUV9DRFNfTUlELjA4LzEwLzI2AQAAAG4QMQAC | R1: AAAABzE3LjExNzgAyB2GKRcp3wghISloFynfCCNDSVEuSVFUNDYyMjIyOTIuSVFfQ0RTX01JRC4wOC8xMC8yNgEAAADRkZsBAgAAAAc3NTUuNDc3AMpEhikXKd8IYUgpaBcp3wgjQ0lRLklRVDQ2MjI1MDA2LklRX0NEU19NSUQuMDgvMTAvMjYBAAAA+FUNAAIAAAAHNjMuOTk2OQDga4YpFynfCDziKWgXKd8II0NJUS5JUVQ0NjIyMDMyOS5JUV9DRFNfTUlELjA4LzEwLzI2AQAAANtbAAACAAAAAjYxAMLwLSkXKd8IPOIpaBcp3wgjQ0lRLklRVDQ2MjYyMzc4LklRX0NEU19NSUQuMDcvMTAvMjYBAAAAQNKJAQIAAAACMjcAyB2GKRcp3wjJiDFoFynfCCNDSVEuSVFUNDYxOTYyMjUuSVFfQ0RTX01JRC4wOC8xMC8yNgEAAAC+VaMBAgAAAAQzMi43AMgdhikXKd8IISEpaBcp3wgjQ0lRLklRVDUxMDIzMjYwLklRX0NEU19NSUQuMDgvMTAvMjYBAAAAsRF/AQIAAAAHMTUuODY3MgDKRIYpFynfCGFIKWgXKd8II0NJUS5JUVQ0NjIyNDc0MC5JUV9DRFNfTUlELjA4LzEwLzI2AQAAANNyCAACAAAABjU5LjA4NADga4YpFynfCDziKWgXKd8IJENJUS5JUVQyNjMyMTMxMzIuSVFfQ0RTX01JRC4wNi8xMC8yNgEAAADhmggAAgAAAAc2NS42MTIyAOBrhikXKd8IpnwuaBcp3wgjQ0lRLklRVDQ2MTk0OTk1LklRX0NEU19NSUQuMDQvMTAvMjYBAAAAbhAxAAIAAAAHMTYuODUzNQDIHYYpFynfCDziKWgXKd8II0NJUS5JUVQ0 | S1: NjIxMDAzMi5JUV9DRFNfTUlELjA1LzEwLzI2AQAAAI9VowECAAAABzM0Ljg0MjkAykSGKRcp3wg84iloFynfCCNDSVEuSVFUNDYyMjUzNzQuSVFfQ0RTX01JRC4wNS8xMC8yNgEAAAC11gUAAgAAAAc1MC4wNzgyAOBrhikXKd8IPOIpaBcp3wgjQ0lRLklRVDQ5NzUxMTk2LklRX0NEU19NSUQuMjkvMDkvMjYBAAAAzZm9AAIAAAAHMzkuODcwNwDIHYYpFynfCKZ8LmgXKd8II0NJUS5JUVQ2MDM4OTUxNi5JUV9DRFNfTUlELjI5LzA5LzI2AQAAAKXwwwECAAAABTcuMzc0AMpEhikXKd8IpnwuaBcp3wgkQ0lRLklRVDMxMzMxNTQyOS5JUV9DRFNfTUlELjI5LzA5LzI2AQAAADnnBQACAAAABzYzLjg3NzMAwvAtKRcp3wgp/i9oFynfCCNDSVEuSVFUNDYyMDY3NzkuSVFfQ0RTX01JRC4xMy8xMC8yNQEAAAD87zYAAgAAAAcyNC44NjA1AMgdhikXKd8IiwozaBcp3wgkQ0lRLklRVDI1NDk1NTIzMy5JUV9DRFNfTUlELjA2LzEwLzI2AQAAADlWCgACAAAABjUxLjI4MQDga4YpFynfCKZ8LmgXKd8II0NJUS5JUVQ3OTYzNDkwMS5JUV9DRFNfTUlELjEzLzA3LzI2AQAAAJwGEAACAAAABzQxLjE0ODEAwsktKRcp3wiczDBoFynfCCNDSVEuSVFUNDYyMjIyOTIuSVFfQ0RTX01JRC4yOS8wOS8yNgEAAADRkZsBAgAAAAg1ODYuOTc2MwDKRIYpFynfCKZ8LmgXKd8II0NJUS5JUVQ0NjQ3MDg3Ny5JUV9DRFNfTUlELjExLzEw | T1: LzI2AQAAAEI3BwACAAAABzY0LjA2MjMAykSGKRcp3wgHfCZoFynfCCRDSVEuSVFUMzEzMzEwODU0LklRX0NEU19NSUQuMTEvMTAvMjYBAAAAr1QNAAIAAAAFNjIuNzYAwsktKRcp3wiJLydoFynfCCNDSVEuSVFUNDYyMTQ5NTQuSVFfQ0RTX01JRC4xMC8xMC8yNgEAAAA6PTkBAgAAAAQyMy42AMgdhikXKd8IiS8naBcp3wgjQ0lRLklRVDQ2MjA4NjM0LklRX0NEU19NSUQuMTAvMTAvMjYBAAAAAx/CAAIAAAAHMjMuNTMxMwDKRIYpFynfCIkvJ2gXKd8II0NJUS5JUVQ0NjIyNTA4My5JUV9DRFNfTUlELjEwLzEwLzI2AQAAAFZEBgACAAAABzQ0LjE0MDEA4GuGKRcp3wiJLydoFynfCCNDSVEuSVFUNDYyMDM3MTQuSVFfQ0RTX01JRC4wOS8xMC8yNgEAAABfBTUAAgAAAAc3OS41NzIyAMgdhikXKd8I6F8oaBcp3wgjQ0lRLklRVDc5NjM5OTUzLklRX0NEU19NSUQuMDkvMTAvMjYBAAAANJtWAQIAAAAHMjIuMTY0MQDKRIYpFynfCOhfKGgXKd8IJENJUS5JUVQ1Mjg5MzY4MTIuSVFfQ0RTX01JRC4wOS8xMC8yNgEAAABsWwYAAgAAAAc1Ny4yNDc4AOBrhikXKd8I6F8oaBcp3wgjQ0lRLklRVDQ2MTk3MTM4LklRX0NEU19NSUQuMDMvMTAvMjYBAAAA7pQ4AQIAAAAIMTMyLjc4NjMA+faFKRcp3wiwuStoFynfCCNDSVEuSVFUNTEwMjM0ODAuSVFfQ0RTX01JRC4wMy8xMC8yNgEAAADCRfEBAgAAAAY3LjE5NzUAyB2G | U1: KRcp3wiwuStoFynfCCNDSVEuSVFUNDYyMDQ5NTcuSVFfQ0RTX01JRC4wMy8xMC8yNgEAAAAhFQYAAgAAAAc2Mi4wODcxAMpEhikXKd8IU/MsaBcp3wgjQ0lRLklRVDYyMjcwMTA2LklRX0NEU19NSUQuMDMvMTAvMjYBAAAArXeDAAIAAAAHNzQuNzU2MwDCyS0pFynfCFPzLGgXKd8II0NJUS5JUVQ3OTY0MDAyNC5JUV9DRFNfTUlELjAyLzEwLzI2AQAAADWPmwECAAAABzEzLjEyMDcAyB2GKRcp3whT8yxoFynfCCRDSVEuSVFUMzEzMzA1ODc5LklRX0NEU19NSUQuMDIvMTAvMjYBAAAAhNbcAQIAAAAGMi4yOTM5AMpEhikXKd8IU/MsaBcp3wgjQ0lRLklRVDQ2MjAwNDEyLklRX0NEU19NSUQuMDIvMTAvMjYBAAAAY0MGAAIAAAAFNTYuODkA4GuGKRcp3whlLi5oFynfCCNDSVEuSVFUNDYyMDMzMzIuSVFfQ0RTX01JRC4wMS8xMC8yNgEAAABfHjcAAgAAAAQxMi41AMgdhikXKd8IiwozaBcp3wgjQ0lRLklRVDQ2MjE1MTExLklRX0NEU19NSUQuMDEvMTAvMjYBAAAAoEuyAQIAAAAHMzUuMjU4MwDKRIYpFynfCIsKM2gXKd8II0NJUS5JUVQ0NjIyNjEzMi5JUV9DRFNfTUlELjAxLzEwLzI2AQAAAN1ZAAACAAAABzY2Ljg3NjgA4GuGKRcp3wiLCjNoFynfCCRDSVEuSVFUMzEzMzEzNTI0LklRX0NEU19NSUQuMDEvMTAvMjYBAAAA71UNAAIAAAAHNTUuNzk4NADC8C0pFynfCIsKM2gXKd8II0NJUS5JUVQ3OTYzOTkx | V1: My5JUV9DRFNfTUlELjMwLzA5LzI2AQAAACBjHAICAAAABjguOTgyMQDIHYYpFynfCJzMMGgXKd8II0NJUS5JUVQ0NjIwNzg3Mi5JUV9DRFNfTUlELjMwLzA5LzI2AQAAAFgNCgACAAAABzQyLjkwOTMAykSGKRcp3wjJiDFoFynfCCNDSVEuSVFUNDYyMDAzMTcuSVFfQ0RTX01JRC4zMC8wOS8yNgEAAAD+VA0AAgAAAAc2OS44MTk0AMLJLSkXKd8IyYgxaBcp3wgjQ0lRLklRVDQ2MTk0OTk1LklRX0NEU19NSUQuMjkvMDkvMjYBAAAAbhAxAAIAAAAGMTQuMDc3AMgdhikXKd8IpnwuaBcp3wgjQ0lRLklRVDQ2MjI1MDA2LklRX0NEU19NSUQuMjkvMDkvMjYBAAAA+FUNAAIAAAAHNTguODE3MgDga4YpFynfCKZ8LmgXKd8II0NJUS5JUVQ0NjIyMDMyOS5JUV9DRFNfTUlELjI5LzA5LzI2AQAAANtbAAACAAAABDYwLjUAwvAtKRcp3wgp/i9oFynfCCNDSVEuSVFUNDYxOTc2OTQuSVFfQ0RTX01JRC4xMy8xMC8yNQEAAAAH+gUAAgAAAAY1OS4yOTYAykSGKRcp3whzjzRoFynfCCNDSVEuSVFUNjIyNzAxMDcuSVFfQ0RTX01JRC4xMy8xMC8yNQEAAAAVWQAAAgAAAAcyOS43MDc4AOBrhikXKd8ITN40aBcp3wgjQ0lRLklRVDQ2MjE0OTU0LklRX0NEU19NSUQuMDYvMTAvMjYBAAAAOj05AQIAAAAHMjIuODgxNwDIHYYpFynfCKZ8LmgXKd8II0NJUS5JUVQ0NjIyNTA4My5JUV9DRFNfTUlELjA2LzEwLzI2AQAAAFZEBgAC | W1: AAAABzQyLjMyNDkA4GuGKRcp3wimfC5oFynfCCNDSVEuSVFUNDYyMDM3MTQuSVFfQ0RTX01JRC4wNC8xMC8yNgEAAABfBTUAAgAAAAc4NC4xODYxAMgdhikXKd8IPOIpaBcp3wgjQ0lRLklRVDQ2MTk3MTM4LklRX0NEU19NSUQuMTMvMDcvMjYBAAAA7pQ4AQIAAAAHMTI0LjczMgD59oUpFynfCCn+L2gXKd8II0NJUS5JUVQ0NjIxNjk4Ni5JUV9DRFNfTUlELjAzLzEwLzI2AQAAAM5EOAEDAAAAAADKRIYpFynfCLC5K2gXKd8II0NJUS5JUVQ1MTAyMzQ4MC5JUV9DRFNfTUlELjEzLzA3LzI2AQAAAMJF8QECAAAABjQuNDk1OADIHYYpFynfCCn+L2gXKd8II0NJUS5JUVQ0NjIyNjEzMi5JUV9DRFNfTUlELjI5LzA5LzI2AQAAAN1ZAAACAAAABzYwLjIxMTUA4GuGKRcp3wimfC5oFynfCCNDSVEuSVFUNDYyMDg2MzQuSVFfQ0RTX01JRC4xMy8wNy8yNgEAAAADH8IAAgAAAAcyMi43NzM0AMpEhikXKd8Ik6QwaBcp3wgjQ0lRLklRVDQ2MjAwMzE3LklRX0NEU19NSUQuMjkvMDkvMjYBAAAA/lQNAAIAAAAHNjkuMzYxNQDCyS0pFynfCCn+L2gXKd8II0NJUS5JUVQ0NjIwNDk1Ny5JUV9DRFNfTUlELjEzLzA3LzI2AQAAACEVBgACAAAABzU0LjEyNjIAykSGKRcp3wiczDBoFynfCCNDSVEuSVFUNjIyNzAxMDYuSVFfQ0RTX01JRC4yOS8wOS8yNgEAAACtd4MAAgAAAAc3NC43NTcxAMLJLSkXKd8IKf4vaBcp3wgjQ0lR | X1: LklRVDQ2MjI1MDgzLklRX0NEU19NSUQuMTMvMDcvMjYBAAAAVkQGAAIAAAAGMzcuMzc2AOBrhikXKd8InMwwaBcp3wgkQ0lRLklRVDMxMzMxMzUyNC5JUV9DRFNfTUlELjI5LzA5LzI2AQAAAO9VDQACAAAABzU1LjkyODQAwvAtKRcp3wgp/i9oFynfCCNDSVEuSVFUNDYyMTA1NjAuSVFfQ0RTX01JRC4wOC8xMC8yNgEAAAD2GjcAAgAAAAc5NC40Mjg1AMgdhikXKd8IISEpaBcp3wgjQ0lRLklRVDYyMjcwMTA2LklRX0NEU19NSUQuMTMvMDcvMjYBAAAArXeDAAIAAAAHNzUuMjEzOADCyS0pFynfCJzMMGgXKd8IJENJUS5JUVQ2NDQ3MDE3OTcuSVFfQ0RTX01JRC4xMy8xMC8yNQEAAABTP30BAgAAAAYxNC4xMTUAyB2GKRcp3wiLCjNoFynfCCNDSVEuSVFUNDYyMTk5MjIuSVFfQ0RTX01JRC4wOC8xMC8yNgEAAADWRzkBAgAAAAQ5LjUxAMgdhikXKd8IYUgpaBcp3wgjQ0lRLklRVDQ2MjAzNzE0LklRX0NEU19NSUQuMDUvMTAvMjYBAAAAXwU1AAIAAAAHODAuMTIzMgDIHYYpFynfCDziKWgXKd8II0NJUS5JUVQ3OTY0MDAyNC5JUV9DRFNfTUlELjEzLzEwLzI1AQAAADWPmwECAAAAATkAyB2GKRcp3wiLCjNoFynfCCNDSVEuSVFUNDYyMjM2NDYuSVFfQ0RTX01JRC4wOC8xMC8yNgEAAAAbeAQAAgAAAAc1Ny4xMjU3AMpEhikXKd8IYUgpaBcp3wgjQ0lRLklRVDc5NjQwMDI0LklRX0NEU19NSUQuMDUvMTAvMjYB | Y1: AAAANY+bAQIAAAAHMTIuNzc1NwDIHYYpFynfCDziKWgXKd8II0NJUS5JUVQ3OTYzOTkxMy5JUV9DRFNfTUlELjEzLzEwLzI1AQAAACBjHAICAAAABjkuNDQzMgDIHYYpFynfCIsKM2gXKd8IJENJUS5JUVQzMTMzMTQ5NzYuSVFfQ0RTX01JRC4wOC8xMC8yNgEAAABtSgAAAgAAAAc1Ni4yMjU3AMLwLSkXKd8IPOIpaBcp3wgjQ0lRLklRVDc5NjM5OTUzLklRX0NEU19NSUQuMDUvMTAvMjYBAAAANJtWAQIAAAAHMjEuOTUyNADKRIYpFynfCDziKWgXKd8IJENJUS5JUVQzMTMzMDU4NzkuSVFfQ0RTX01JRC4xMy8xMC8yNQEAAACE1twBAgAAAAYzLjI3MjYAykSGKRcp3whzjzRoFynfCCNDSVEuSVFUNDYyMjA4MDMuSVFfQ0RTX01JRC4wNy8xMC8yNgEAAADWyTYAAgAAAAczOS41MDU1AMpEhikXKd8IyYgxaBcp3wgjQ0lRLklRVDQ2MjAwNDEyLklRX0NEU19NSUQuMTMvMTAvMjUBAAAAY0MGAAIAAAAHNTcuNzA3NwDga4YpFynfCEzeNGgXKd8II0NJUS5JUVQ0NjE5NzEzOC5JUV9DRFNfTUlELjI5LzA5LzI2AQAAAO6UOAECAAAACDEzMC40ODI5APn2hSkXKd8IpnwuaBcp3wgjQ0lRLklRVDQ2MjAzMzMyLklRX0NEU19NSUQuMjkvMDkvMjYBAAAAXx43AAIAAAAHMTIuMDYyNQDIHYYpFynfCKZ8LmgXKd8II0NJUS5JUVQ0NjIxNTExMS5JUV9DRFNfTUlELjI5LzA5LzI2AQAAAKBLsgECAAAABzM1LjA2ODEAykSG | Z1: KRcp3wimfC5oFynfCCRDSVEuSVFUMzEzMzA1ODc5LklRX0NEU19NSUQuMDUvMTAvMjYBAAAAhNbcAQIAAAAGMi4yOTM5AMpEhikXKd8IPOIpaBcp3wgjQ0lRLklRVDQ2MjI2MTMyLklRX0NEU19NSUQuMDUvMTAvMjYBAAAA3VkAAAIAAAAHNjkuOTI1NgDga4YpFynfCDziKWgXKd8II0NJUS5JUVQ0NjIwMDM2NC5JUV9DRFNfTUlELjA3LzEwLzI2AQAAAFeGCAACAAAABzMwLjY5OTMA4GuGKRcp3wjJiDFoFynfCCNDSVEuSVFUNDYyMDQzMDAuSVFfQ0RTX01JRC4wNi8xMC8yNgEAAAD2JX0AAgAAAAcxMi41ODc1AMgdhikXKd8IpnwuaBcp3wgjQ0lRLklRVDQ2MjAwNDEyLklRX0NEU19NSUQuMDUvMTAvMjYBAAAAY0MGAAIAAAAFNTguMTYA4GuGKRcp3wg84iloFynfCCNDSVEuSVFUNzk2Mzk5NTMuSVFfQ0RTX01JRC4wNi8xMC8yNgEAAAA0m1YBAgAAAAYyMi4wMDEAykSGKRcp3wimfC5oFynfCCRDSVEuSVFUMzEzMzEzNTI0LklRX0NEU19NSUQuMDUvMTAvMjYBAAAA71UNAAIAAAAHNTUuNTg5NQDC8C0pFynfCDziKWgXKd8II0NJUS5JUVQ2MDM4ODA1Ny5JUV9DRFNfTUlELjA2LzEwLzI2AQAAAN/JfQEDAAAAAADKRIYpFynfCKZ8LmgXKd8II0NJUS5JUVQ3OTYzOTkxMy5JUV9DRFNfTUlELjI5LzA5LzI2AQAAACBjHAICAAAABjguOTY2NADIHYYpFynfCKZ8LmgXKd8II0NJUS5JUVQ0NjQ3MDg3Ny5JUV9D | AA1: RFNfTUlELjA0LzEwLzI2AQAAAEI3BwACAAAABzY0LjI2NzUAykSGKRcp3wiwuStoFynfCCNDSVEuSVFUNDYyMDc4NzIuSVFfQ0RTX01JRC4yOS8wOS8yNgEAAABYDQoAAgAAAAc0My4wNjk3AMpEhikXKd8IpnwuaBcp3wgjQ0lRLklRVDQ2MjE4NTE2LklRX0NEU19NSUQuMDcvMTAvMjYBAAAAplWjAQIAAAAHNDQuNDIxNADIHYYpFynfCMmIMWgXKd8IJENJUS5JUVQ1Mjg5MzY4MTIuSVFfQ0RTX01JRC4wNS8xMC8yNgEAAABsWwYAAgAAAAc1OC4wNjMyAOBrhikXKd8IPOIpaBcp3wgjQ0lRLklRVDQ2MjAwMzE3LklRX0NEU19NSUQuMTMvMTAvMjUBAAAA/lQNAAIAAAAHNzEuMzg2MQDCyS0pFynfCEzeNGgXKd8IJENJUS5JUVQzMTMzMTAxODQuSVFfQ0RTX01JRC4wNC8xMC8yNgEAAABgRD4AAgAAAAcxMi40MDk5APn2hSkXKd8IPOIpaBcp3wgjQ0lRLklRVDUxMDIzNDgwLklRX0NEU19NSUQuMjkvMDkvMjYBAAAAwkXxAQIAAAAGNS42ODc2AMgdhikXKd8IpnwuaBcp3wgkQ0lRLklRVDMxMzMxMDg1NC5JUV9DRFNfTUlELjA0LzEwLzI2AQAAAK9UDQACAAAABzY0LjM4NjcAwvAtKRcp3wiwuStoFynfCCNDSVEuSVFUNDYyMDQ5NTcuSVFfQ0RTX01JRC4yOS8wOS8yNgEAAAAhFQYAAgAAAAc2MS4wNjg4AMpEhikXKd8IpnwuaBcp3wgjQ0lRLklRVDQ2MjA3ODcyLklRX0NEU19NSUQuMTMvMTAvMjUBAAAAWA0K | AB1: AAIAAAAHNDYuNDYzNQDKRIYpFynfCHOPNGgXKd8IJENJUS5JUVQyNTQ5NTUyMzMuSVFfQ0RTX01JRC4xMy8xMC8yNQEAAAA5VgoAAgAAAAc1OC43NDY5AOBrhikXKd8ITN40aBcp3wgjQ0lRLklRVDQ2MTk5ODQxLklRX0NEU19NSUQuMDYvMTAvMjYBAAAA6zAGAAMAAAAAAOBrhikXKd8IpnwuaBcp3wgjQ0lRLklRVDQ2MjE0OTU0LklRX0NEU19NSUQuMTMvMDcvMjYBAAAAOj05AQIAAAAFMTQuMjUAyB2GKRcp3wgp/i9oFynfCCNDSVEuSVFUNDYyMTY5ODYuSVFfQ0RTX01JRC4xMy8xMC8yNQEAAADORDgBAwAAAAAAykSGKRcp3whzjzRoFynfCCNDSVEuSVFUNDYyMTQ4NzkuSVFfQ0RTX01JRC4wNC8xMC8yNgEAAAD1GjcAAgAAAAc1Ni44MzM4AMgdhikXKd8IUnQraBcp3wgjQ0lRLklRVDQ2MjIyMjkyLklRX0NEU19NSUQuMDkvMTAvMjYBAAAA0ZGbAQIAAAAINzU1LjA4NjEAykSGKRcp3wjoXyhoFynfCCNDSVEuSVFUNDYyMjM2NDYuSVFfQ0RTX01JRC4xMS8xMC8yNgEAAAAbeAQAAgAAAAc1Ni41MzQyAMpEhikXKd8IB3wmaBcp3wgkQ0lRLklRVDMxMzMxNDk3Ni5JUV9DRFNfTUlELjExLzEwLzI2AQAAAG1KAAACAAAABzU0LjQxOTEAwvAtKRcp3wiJLydoFynfCCNDSVEuSVFUNDYyMTg1MTYuSVFfQ0RTX01JRC4xMC8xMC8yNgEAAACmVaMBAgAAAAc0NC41MTY1AMgdhikXKd8IiS8naBcp3wgjQ0lRLklR | AC1: VDQ2MjIwODAzLklRX0NEU19NSUQuMTAvMTAvMjYBAAAA1sk2AAIAAAAHMzkuNjIzNADKRIYpFynfCIkvJ2gXKd8II0NJUS5JUVQ0NjIwMDM2NC5JUV9DRFNfTUlELjEwLzEwLzI2AQAAAFeGCAACAAAABzMwLjQ1ODMA4GuGKRcp3wiJLydoFynfCCNDSVEuSVFUNDYyMDQzMDAuSVFfQ0RTX01JRC4wOS8xMC8yNgEAAAD2JX0AAgAAAAcxMi4zMzM2AMgdhikXKd8I6F8oaBcp3wgjQ0lRLklRVDYwMzg4MDU3LklRX0NEU19NSUQuMDkvMTAvMjYBAAAA38l9AQMAAAAAAMpEhikXKd8I6F8oaBcp3wgjQ0lRLklRVDQ2MTk5ODQxLklRX0NEU19NSUQuMDkvMTAvMjYBAAAA6zAGAAMAAAAAAOBrhikXKd8I6F8oaBcp3wgkQ0lRLklRVDMxMzMxMDE4NC5JUV9DRFNfTUlELjAzLzEwLzI2AQAAAGBEPgACAAAABzEyLjQwOTkAyB2GKRcp3wiwuStoFynfCCNDSVEuSVFUNDYyMjUwODMuSVFfQ0RTX01JRC4wMi8xMC8yNgEAAABWRAYAAgAAAAc0My44ODczAOBrhikXKd8IZS4uaBcp3wgjQ0lRLklRVDQ2MjAzNzE0LklRX0NEU19NSUQuMDEvMTAvMjYBAAAAXwU1AAIAAAAHNzYuNTA3NADIHYYpFynfCIsKM2gXKd8II0NJUS5JUVQ3OTYzOTk1My5JUV9DRFNfTUlELjAxLzEwLzI2AQAAADSbVgECAAAABzIxLjk0MzgAykSGKRcp3wiLCjNoFynfCCRDSVEuSVFUNTI4OTM2ODEyLklRX0NEU19NSUQuMDEvMTAvMjYBAAAAbFsG | AD1: AAIAAAAHNTYuNjYyNADga4YpFynfCIsKM2gXKd8II0NJUS5JUVQ0NjE5NzEzOC5JUV9DRFNfTUlELjMwLzA5LzI2AQAAAO6UOAECAAAACDEzMC42NjYxAPn2hSkXKd8InMwwaBcp3wgjQ0lRLklRVDUxMDIzNDgwLklRX0NEU19NSUQuMzAvMDkvMjYBAAAAwkXxAQIAAAAGNi4xMTA3AMgdhikXKd8IyYgxaBcp3wgjQ0lRLklRVDQ2MjA0OTU3LklRX0NEU19NSUQuMzAvMDkvMjYBAAAAIRUGAAIAAAAHNjEuNDI3MgDKRIYpFynfCMmIMWgXKd8II0NJUS5JUVQ0NjIxNTExMS5JUV9DRFNfTUlELjA4LzEwLzI2AQAAAKBLsgECAAAABzM2LjYxMzkAykSGKRcp3whhSCloFynfCCNDSVEuSVFUNDYyMjYxMzIuSVFfQ0RTX01JRC4wOC8xMC8yNgEAAADdWQAAAgAAAAU2OC40OQDga4YpFynfCDziKWgXKd8II0NJUS5JUVQ3OTYzOTk1My5JUV9DRFNfTUlELjA0LzEwLzI2AQAAADSbVgECAAAABzIxLjkzOTEAykSGKRcp3whSdCtoFynfCCRDSVEuSVFUMzIzNjgwMTMwLklRX0NEU19NSUQuMTEvMTAvMjYBAAAAceECAAIAAAAHNTUuMzg5OQDKRIYpFynfCAd8JmgXKd8IJENJUS5JUVQzMTMzMTU0MjkuSVFfQ0RTX01JRC4xMS8xMC8yNgEAAAA55wUAAgAAAAc2My4xNzA5AMLwLSkXKd8IiS8naBcp3wgjQ0lRLklRVDQ2MjA2Nzc5LklRX0NEU19NSUQuMTAvMTAvMjYBAAAA/O82AAIAAAAHMjkuNjQ2NgDIHYYpFynfCIkv | AE1: J2gXKd8II0NJUS5JUVQ0NjIxODY3NC5JUV9DRFNfTUlELjEwLzEwLzI2AQAAAFfKNgACAAAACDEzNS4xNzczAMpEhikXKd8IiS8naBcp3wgjQ0lRLklRVDQ2MjI1NzE1LklRX0NEU19NSUQuMTAvMTAvMjYBAAAAt+UEAAIAAAAHNDMuNTc2NADga4YpFynfCIkvJ2gXKd8II0NJUS5JUVQ0NjIwNDg4NC5JUV9DRFNfTUlELjA5LzEwLzI2AQAAAIFRwAECAAAAAjQ4AMgdhikXKd8I6F8oaBcp3wgjQ0lRLklRVDQ2MjA3Nzg5LklRX0NEU19NSUQuMDkvMTAvMjYBAAAAKlijAQIAAAAHMjkuNjIyMgDKRIYpFynfCOhfKGgXKd8IJENJUS5JUVQyODYwOTYxMzEuSVFfQ0RTX01JRC4wOS8xMC8yNgEAAAA78QQAAgAAAAc3Mi40NzI1AOBrhikXKd8I6F8oaBcp3wgjQ0lRLklRVDQ2MjEwNTYwLklRX0NEU19NSUQuMDMvMTAvMjYBAAAA9ho3AAIAAAAIMTAwLjk5ODIAyB2GKRcp3wiwuStoFynfCCNDSVEuSVFUNDYyMTk5MjIuSVFfQ0RTX01JRC4wMy8xMC8yNgEAAADWRzkBAgAAAAU4Ljk3NQDIHYYpFynfCLC5K2gXKd8II0NJUS5JUVQ0NjIyMzY0Ni5JUV9DRFNfTUlELjAzLzEwLzI2AQAAABt4BAACAAAABzU2LjY1ODQAykSGKRcp3whT8yxoFynfCCRDSVEuSVFUMzEzMzE0OTc2LklRX0NEU19NSUQuMDMvMTAvMjYBAAAAbUoAAAIAAAAHNTMuODk1NwDC8C0pFynfCFPzLGgXKd8II0NJUS5JUVQ0NjIxODUxNi5JUV9D | AF1: RFNfTUlELjAyLzEwLzI2AQAAAKZVowECAAAABzQ0LjEzOTMAyB2GKRcp3whT8yxoFynfCCNDSVEuSVFUNDYyMjA4MDMuSVFfQ0RTX01JRC4wMi8xMC8yNgEAAADWyTYAAgAAAAY0MS40OTIAykSGKRcp3whT8yxoFynfCCNDSVEuSVFUNDYyMDAzNjQuSVFfQ0RTX01JRC4wMi8xMC8yNgEAAABXhggAAgAAAAczMC4zODQyAOBrhikXKd8IZS4uaBcp3wgjQ0lRLklRVDQ2MjA0MzAwLklRX0NEU19NSUQuMDEvMTAvMjYBAAAA9iV9AAIAAAAFMTAuNzMAyB2GKRcp3wiLCjNoFynfCCNDSVEuSVFUNjAzODgwNTcuSVFfQ0RTX01JRC4wMS8xMC8yNgEAAADfyX0BAwAAAAAAykSGKRcp3wiLCjNoFynfCCNDSVEuSVFUNDYxOTk4NDEuSVFfQ0RTX01JRC4wMS8xMC8yNgEAAADrMAYAAwAAAAAA4GuGKRcp3wiLCjNoFynfCCRDSVEuSVFUMzEzMzEwMTg0LklRX0NEU19NSUQuMzAvMDkvMjYBAAAAYEQ+AAIAAAAHMTEuNzA4OADIHYYpFynfCJzMMGgXKd8II0NJUS5JUVQ0NjIxNDg3OS5JUV9DRFNfTUlELjMwLzA5LzI2AQAAAPUaNwACAAAABzU1LjE0NDUAyB2GKRcp3wjJiDFoFynfCCNDSVEuSVFUNDY0NzA4NzcuSVFfQ0RTX01JRC4zMC8wOS8yNgEAAABCNwcAAgAAAAc2My44MDA1AMpEhikXKd8IyYgxaBcp3wgkQ0lRLklRVDMxMzMxMDg1NC5JUV9DRFNfTUlELjMwLzA5LzI2AQAAAK9UDQACAAAABzY0LjMzMjMAwvAt | AG1: KRcp3wjJiDFoFynfCCNDSVEuSVFUNDYyMDM3MTQuSVFfQ0RTX01JRC4wOC8xMC8yNgEAAABfBTUAAgAAAAc4MC4yMzcxAMgdhikXKd8IYUgpaBcp3wgjQ0lRLklRVDc5NjM5OTUzLklRX0NEU19NSUQuMDgvMTAvMjYBAAAANJtWAQIAAAAHMjIuMTA1OADKRIYpFynfCGFIKWgXKd8IJENJUS5JUVQ1Mjg5MzY4MTIuSVFfQ0RTX01JRC4wOC8xMC8yNgEAAABsWwYAAgAAAAc1Ny42NjA4AOBrhikXKd8IPOIpaBcp3wgjQ0lRLklRVDQ2MTk3MTM4LklRX0NEU19NSUQuMDcvMTAvMjYBAAAA7pQ4AQIAAAAIMTEwLjAxMjMA+faFKRcp3wjJiDFoFynfCCNDSVEuSVFUNTEwMjM0ODAuSVFfQ0RTX01JRC4wNy8xMC8yNgEAAADCRfEBAgAAAAY3LjQ1NDkAyB2GKRcp3wjJiDFoFynfCCNDSVEuSVFUNDYyMDQ5NTcuSVFfQ0RTX01JRC4wNy8xMC8yNgEAAAAhFQYAAgAAAAc2Mi4zNTkzAMpEhikXKd8IyYgxaBcp3wgjQ0lRLklRVDYyMjcwMTA2LklRX0NEU19NSUQuMDcvMTAvMjYBAAAArXeDAAIAAAAGNzQuNzUzAMLJLSkXKd8IiwozaBcp3wgjQ0lRLklRVDc5NjQwMDI0LklRX0NEU19NSUQuMDYvMTAvMjYBAAAANY+bAQIAAAAFMTMuMjUAyB2GKRcp3wimfC5oFynfCCRDSVEuSVFUMzEzMzA1ODc5LklRX0NEU19NSUQuMDYvMTAvMjYBAAAAhNbcAQIAAAAGMi4yOTM5AMpEhikXKd8IpnwuaBcp3wgjQ0lRLklRVDQ2MjAw | AH1: NDEyLklRX0NEU19NSUQuMDYvMTAvMjYBAAAAY0MGAAIAAAAHNTQuNzEyNgDga4YpFynfCKZ8LmgXKd8II0NJUS5JUVQ0NjIwMzMzMi5JUV9DRFNfTUlELjA0LzEwLzI2AQAAAF8eNwACAAAABzEzLjE4OTgAyB2GKRcp3wg84iloFynfCCNDSVEuSVFUNDYyMTUxMTEuSVFfQ0RTX01JRC4wNC8xMC8yNgEAAACgS7IBAgAAAAczNi44NzI2AMpEhikXKd8IUnQraBcp3wgjQ0lRLklRVDQ2MjI2MTMyLklRX0NEU19NSUQuMDQvMTAvMjYBAAAA3VkAAAIAAAAHNjkuNjgwOQDga4YpFynfCLC5K2gXKd8IJENJUS5JUVQzMTMzMTM1MjQuSVFfQ0RTX01JRC4wNC8xMC8yNgEAAADvVQ0AAgAAAAc1NC44MDg1AMLwLSkXKd8IsLkraBcp3wgjQ0lRLklRVDc5NjM5OTEzLklRX0NEU19NSUQuMTMvMDcvMjYBAAAAIGMcAgIAAAAGNy45MTI3AMgdhikXKd8IKf4vaBcp3wgjQ0lRLklRVDQ2MjA3ODcyLklRX0NEU19NSUQuMTMvMDcvMjYBAAAAWA0KAAIAAAAHNDAuMDQ2OADKRIYpFynfCJzMMGgXKd8II0NJUS5JUVQ0NjIwMDMxNy5JUV9DRFNfTUlELjEzLzA3LzI2AQAAAP5UDQACAAAABzY0LjU0NDQAwsktKRcp3wiczDBoFynfCCRDSVEuSVFUNjQ0NzAxNzk3LklRX0NEU19NSUQuMDUvMTAvMjYBAAAAUz99AQIAAAAHMTAuNzc0MQDIHYYpFynfCDziKWgXKd8II0NJUS5JUVQ0NjIxNjk4Ni5JUV9DRFNfTUlELjA1LzEwLzI2 | AI1: AQAAAM5EOAEDAAAAAADKRIYpFynfCDziKWgXKd8IJENJUS5JUVQyNTQ5NTUyMzMuSVFfQ0RTX01JRC4wNS8xMC8yNgEAAAA5VgoAAgAAAAc1NC4yMDk2AOBrhikXKd8IPOIpaBcp3wgjQ0lRLklRVDQ2MTk2MjI1LklRX0NEU19NSUQuMjkvMDkvMjYBAAAAvlWjAQIAAAAFMjMuMzkAyB2GKRcp3wimfC5oFynfCCNDSVEuSVFUNTEwMjMyNjAuSVFfQ0RTX01JRC4yOS8wOS8yNgEAAACxEX8BAgAAAAcxNS42Mjk2AMpEhikXKd8IpnwuaBcp3wgjQ0lRLklRVDQ2MjI0NzQwLklRX0NEU19NSUQuMjkvMDkvMjYBAAAA03IIAAIAAAAHNTMuMjQyNADga4YpFynfCKZ8LmgXKd8IJENJUS5JUVQzMTMzMTczNDQuSVFfQ0RTX01JRC4yOS8wOS8yNgEAAADxrAEAAgAAAAc2Mi43MzY1AMLwLSkXKd8IKf4vaBcp3wgjQ0lRLklRVDQ2MjAwMjc2LklRX0NEU19NSUQuMTMvMTAvMjUBAAAAlnd8AQIAAAAHMjUuNTAzMwDIHYYpFynfCIsKM2gXKd8II0NJUS5JUVQ0NjE5NTQ5MS5JUV9DRFNfTUlELjEzLzEwLzI1AQAAAGlKAAACAAAABzU5LjM0MjEAykSGKRcp3whzjzRoFynfCCNDSVEuSVFUNzk2MzQ5MDEuSVFfQ0RTX01JRC4xMy8xMC8yNQEAAACcBhAAAgAAAAc1NS43ODE1AMLJLSkXKd8ITN40aBcp3wgjQ0lRLklRVDQ2MjE5OTIyLklRX0NEU19NSUQuMzAvMDkvMjYBAAAA1kc5AQIAAAAEOC4yNQDIHYYpFynfCMmIMWgX | AJ1: Kd8II0NJUS5JUVQ0NjIyMzY0Ni5JUV9DRFNfTUlELjMwLzA5LzI2AQAAABt4BAACAAAABzU2LjA5NTkAykSGKRcp3wjJiDFoFynfCCRDSVEuSVFUMzEzMzE0OTc2LklRX0NEU19NSUQuMzAvMDkvMjYBAAAAbUoAAAIAAAAHNTUuODcxNwDC8C0pFynfCMmIMWgXKd8II0NJUS5JUVQ0NjIwNDMwMC5JUV9DRFNfTUlELjA4LzEwLzI2AQAAAPYlfQACAAAABzEyLjUzNDkAyB2GKRcp3whhSCloFynfCCNDSVEuSVFUNjAzODgwNTcuSVFfQ0RTX01JRC4wOC8xMC8yNgEAAADfyX0BAwAAAAAAykSGKRcp3whhSCloFynfCCNDSVEuSVFUNDYxOTk4NDEuSVFfQ0RTX01JRC4wOC8xMC8yNgEAAADrMAYAAwAAAAAA4GuGKRcp3wg84iloFynfCCRDSVEuSVFUMzEzMzEwMTg0LklRX0NEU19NSUQuMDcvMTAvMjYBAAAAYEQ+AAIAAAAHMTMuNDYzNQD59oUpFynfCMmIMWgXKd8II0NJUS5JUVQ0NjIxNDg3OS5JUV9DRFNfTUlELjA3LzEwLzI2AQAAAPUaNwACAAAABzU2LjY2OTUAyB2GKRcp3wjJiDFoFynfCCNDSVEuSVFUNDY0NzA4NzcuSVFfQ0RTX01JRC4wNy8xMC8yNgEAAABCNwcAAgAAAAc2NC4xMTY3AMpEhikXKd8IyYgxaBcp3wgkQ0lRLklRVDMxMzMxMDg1NC5JUV9DRFNfTUlELjA3LzEwLzI2AQAAAK9UDQACAAAABjYzLjAxNQDC8C0pFynfCIsKM2gXKd8II0NJUS5JUVQ0NjIyNTAwNi5JUV9DRFNfTUlELjExLzEw | AK1: LzI2AQAAAPhVDQACAAAABzYyLjcwMDQA4GuGKRcp3wgHfCZoFynfCCNDSVEuSVFUNDYyMjAzMjkuSVFfQ0RTX01JRC4xMS8xMC8yNgEAAADbWwAAAgAAAAc2MC4zMzMzAMLwLSkXKd8IiS8naBcp3wgjQ0lRLklRVDQ2MjYyMzc4LklRX0NEU19NSUQuMTAvMTAvMjYBAAAAQNKJAQIAAAAHMjYuNTkxNgDIHYYpFynfCIkvJ2gXKd8II0NJUS5JUVQ0NjE5NzY5NC5JUV9DRFNfTUlELjEwLzEwLzI2AQAAAAf6BQACAAAABzYxLjQ1NzEAykSGKRcp3wiJLydoFynfCCNDSVEuSVFUNjIyNzAxMDcuSVFfQ0RTX01JRC4xMC8xMC8yNgEAAAAVWQAAAgAAAAc0NS4wMzkzAOBrhikXKd8IiS8naBcp3wgjQ0lRLklRVDQ2MjA3MzA4LklRX0NEU19NSUQuMDkvMTAvMjYBAAAAOYl6AQIAAAAHMTYuODMyNQDIHYYpFynfCOhfKGgXKd8II0NJUS5JUVQ0NjIxMDAzMi5JUV9DRFNfTUlELjA5LzEwLzI2AQAAAI9VowECAAAABzM1LjIyMjUAykSGKRcp3wjoXyhoFynfCCNDSVEuSVFUNDYyMjUzNzQuSVFfQ0RTX01JRC4wOS8xMC8yNgEAAAC11gUAAgAAAAc0OC40MzU2AOBrhikXKd8I6F8oaBcp3wgjQ0lRLklRVDQ5NzUxMTk2LklRX0NEU19NSUQuMDMvMTAvMjYBAAAAzZm9AAIAAAAHNDIuNzA0NgDIHYYpFynfCLC5K2gXKd8II0NJUS5JUVQ2MDM4OTUxNi5JUV9DRFNfTUlELjAzLzEwLzI2AQAAAKXwwwECAAAABjcuMjkyNADK | AL1: RIYpFynfCLC5K2gXKd8IJENJUS5JUVQzMjM2ODAxMzAuSVFfQ0RTX01JRC4wMy8xMC8yNgEAAABx4QIAAgAAAAc1OC41MjE0AMpEhikXKd8IU/MsaBcp3wgkQ0lRLklRVDMxMzMxNTQyOS5JUV9DRFNfTUlELjAzLzEwLzI2AQAAADnnBQACAAAABjYzLjg3OQDC8C0pFynfCFPzLGgXKd8II0NJUS5JUVQ0NjIwNjc3OS5JUV9DRFNfTUlELjAyLzEwLzI2AQAAAPzvNgACAAAABzI5LjI5NzUAyB2GKRcp3whT8yxoFynfCCNDSVEuSVFUNDYyMTg2NzQuSVFfQ0RTX01JRC4wMi8xMC8yNgEAAABXyjYAAgAAAAgxNDMuNjc3MwDKRIYpFynfCFPzLGgXKd8II0NJUS5JUVQ0NjIyNTcxNS5JUV9DRFNfTUlELjAyLzEwLzI2AQAAALflBAACAAAABzQzLjAxMzUA4GuGKRcp3whlLi5oFynfCCNDSVEuSVFUNDYyMDQ4ODQuSVFfQ0RTX01JRC4wMS8xMC8yNgEAAACBUcABAgAAAAc0Mi42ODQ5AMgdhikXKd8IiwozaBcp3wgjQ0lRLklRVDQ2MjA3Nzg5LklRX0NEU19NSUQuMDEvMTAvMjYBAAAAKlijAQIAAAAHMjcuNjEyNADKRIYpFynfCIsKM2gXKd8IJENJUS5JUVQyODYwOTYxMzEuSVFfQ0RTX01JRC4wMS8xMC8yNgEAAAA78QQAAgAAAAc3Mi41NDk3AOBrhikXKd8IiwozaBcp3wgjQ0lRLklRVDQ2MjEwNTYwLklRX0NEU19NSUQuMzAvMDkvMjYBAAAA9ho3AAIAAAAFOTUuOTQAyB2GKRcp3wiczDBoFynfCCNDSVEuSVFU | AM1: NDYyMjQ3NDAuSVFfQ0RTX01JRC4xMS8xMC8yNgEAAADTcggAAgAAAAc1OC41NTgyAOBrhikXKd8IB3wmaBcp3wgkQ0lRLklRVDMxMzMxNzM0NC5JUV9DRFNfTUlELjExLzEwLzI2AQAAAPGsAQACAAAABzYxLjk2ODkAwvAtKRcp3wiJLydoFynfCCNDSVEuSVFUNDYyMDAyNzYuSVFfQ0RTX01JRC4xMC8xMC8yNgEAAACWd3wBAgAAAAczNC44OTY1AMgdhikXKd8IiS8naBcp3wgjQ0lRLklRVDQ2MTk1NDkxLklRX0NEU19NSUQuMTAvMTAvMjYBAAAAaUoAAAIAAAAHNjIuNTM2MQDKRIYpFynfCIkvJ2gXKd8II0NJUS5JUVQ3OTYzNDkwMS5JUV9DRFNfTUlELjEwLzEwLzI2AQAAAJwGEAACAAAABjU2LjU0MwDga4YpFynfCIkvJ2gXKd8II0NJUS5JUVQ0NjIwNzU3MS5JUV9DRFNfTUlELjA5LzEwLzI2AQAAAG3vNQACAAAABzY1LjU1MTIAyB2GKRcp3wjoXyhoFynfCCNDSVEuSVFUNDYyMTM0NzIuSVFfQ0RTX01JRC4wOS8xMC8yNgEAAAC5WjgAAgAAAAcxNi4xODM1AMpEhikXKd8I6F8oaBcp3wgkQ0lRLklRVDI2MzIxMzEzMi5JUV9DRFNfTUlELjA5LzEwLzI2AQAAAOGaCAACAAAABzY3LjQxMjgA4GuGKRcp3wjoXyhoFynfCCNDSVEuSVFUNDYxOTQ5OTUuSVFfQ0RTX01JRC4wMy8xMC8yNgEAAABuEDEAAgAAAAcxNi44NTM1AMgdhikXKd8IsLkraBcp3wgjQ0lRLklRVDQ2MjIyMjkyLklRX0NEU19NSUQuMDMv | AN1: MTAvMjYBAAAA0ZGbAQIAAAAINzU0LjI5MTcAykSGKRcp3wiwuStoFynfCCNDSVEuSVFUNDYyMjUwMDYuSVFfQ0RTX01JRC4wMy8xMC8yNgEAAAD4VQ0AAgAAAAc2Ny4yMDk4AOBrhikXKd8IU/MsaBcp3wgjQ0lRLklRVDQ2MjIwMzI5LklRX0NEU19NSUQuMDMvMTAvMjYBAAAA21sAAAIAAAAENjAuNQDC8C0pFynfCFPzLGgXKd8II0NJUS5JUVQ0NjI2MjM3OC5JUV9DRFNfTUlELjAyLzEwLzI2AQAAAEDSiQECAAAABzI2Ljc5ODMAyB2GKRcp3whT8yxoFynfCCNDSVEuSVFUNDYxOTc2OTQuSVFfQ0RTX01JRC4wMi8xMC8yNgEAAAAH+gUAAgAAAAc2MS44NTcxAMpEhikXKd8IU/MsaBcp3wgjQ0lRLklRVDYyMjcwMTA3LklRX0NEU19NSUQuMDIvMTAvMjYBAAAAFVkAAAIAAAAHNDUuMjgwNQDga4YpFynfCGUuLmgXKd8II0NJUS5JUVQ0NjIwNzMwOC5JUV9DRFNfTUlELjAxLzEwLzI2AQAAADmJegECAAAABzE3LjI2NjcAyB2GKRcp3wiLCjNoFynfCCNDSVEuSVFUNDYyMTAwMzIuSVFfQ0RTX01JRC4wMS8xMC8yNgEAAACPVaMBAgAAAAczNi40Mjc2AMpEhikXKd8IiwozaBcp3wgjQ0lRLklRVDQ2MjI1Mzc0LklRX0NEU19NSUQuMDEvMTAvMjYBAAAAtdYFAAIAAAAHNDguNjgxMwDga4YpFynfCIsKM2gXKd8II0NJUS5JUVQ0OTc1MTE5Ni5JUV9DRFNfTUlELjMwLzA5LzI2AQAAAM2ZvQACAAAABzQwLjU4MDgA | AO1: yB2GKRcp3wiczDBoFynfCCNDSVEuSVFUNjAzODk1MTYuSVFfQ0RTX01JRC4zMC8wOS8yNgEAAACl8MMBAgAAAAY3LjI5NDcAykSGKRcp3wjJiDFoFynfCCRDSVEuSVFUMzIzNjgwMTMwLklRX0NEU19NSUQuMzAvMDkvMjYBAAAAceECAAIAAAAHNTcuMzU4NwDKRIYpFynfCMmIMWgXKd8IJENJUS5JUVQzMTMzMTU0MjkuSVFfQ0RTX01JRC4zMC8wOS8yNgEAAAA55wUAAgAAAAc2My42Mjk1AMLwLSkXKd8IyYgxaBcp3wgjQ0lRLklRVDQ2MjA0ODg0LklRX0NEU19NSUQuMDgvMTAvMjYBAAAAgVHAAQIAAAAHNDkuNTcxNwDIHYYpFynfCGFIKWgXKd8II0NJUS5JUVQ0NjIwNzc4OS5JUV9DRFNfTUlELjA4LzEwLzI2AQAAACpYowECAAAABzI5LjM3ODUAykSGKRcp3whhSCloFynfCCRDSVEuSVFUMjg2MDk2MTMxLklRX0NEU19NSUQuMDgvMTAvMjYBAAAAO/EEAAIAAAAHNzMuMjAxMgDga4YpFynfCDziKWgXKd8II0NJUS5JUVQ0NjIxMDU2MC5JUV9DRFNfTUlELjA3LzEwLzI2AQAAAPYaNwACAAAABzkzLjk5MzYAyB2GKRcp3wjJiDFoFynfCCNDSVEuSVFUNDYyMTk5MjIuSVFfQ0RTX01JRC4wNy8xMC8yNgEAAADWRzkBAgAAAAY5LjUwMzMAyB2GKRcp3wjJiDFoFynfCCNDSVEuSVFUNDYyMjM2NDYuSVFfQ0RTX01JRC4wNy8xMC8yNgEAAAAbeAQAAgAAAAc1Ny4wNDQ5AMpEhikXKd8IyYgxaBcp3wgkQ0lRLklR | AP1: VDMxMzMxNDk3Ni5JUV9DRFNfTUlELjA3LzEwLzI2AQAAAG1KAAACAAAABzU1LjgzOTIAwvAtKRcp3wiLCjNoFynfCCNDSVEuSVFUNDYyMTg1MTYuSVFfQ0RTX01JRC4wNi8xMC8yNgEAAACmVaMBAgAAAAc0NC4yNDM3AMgdhikXKd8IpnwuaBcp3wgjQ0lRLklRVDQ2MjIwODAzLklRX0NEU19NSUQuMDYvMTAvMjYBAAAA1sk2AAIAAAAHNDAuMjc0OADKRIYpFynfCKZ8LmgXKd8II0NJUS5JUVQ0NjIwMDM2NC5JUV9DRFNfTUlELjA2LzEwLzI2AQAAAFeGCAACAAAABzI5LjYzMTIA4GuGKRcp3wimfC5oFynfCCNDSVEuSVFUNDYyMDQzMDAuSVFfQ0RTX01JRC4wNC8xMC8yNgEAAAD2JX0AAgAAAAQxMi41AMgdhikXKd8IPOIpaBcp3wgjQ0lRLklRVDYwMzg4MDU3LklRX0NEU19NSUQuMDQvMTAvMjYBAAAA38l9AQMAAAAAAMpEhikXKd8IUnQraBcp3wgjQ0lRLklRVDQ2MTk5ODQxLklRX0NEU19NSUQuMDQvMTAvMjYBAAAA6zAGAAMAAAAAAOBrhikXKd8IsLkraBcp3wgkQ0lRLklRVDMxMzMxMDE4NC5JUV9DRFNfTUlELjEzLzA3LzI2AQAAAGBEPgACAAAABzExLjIwMDgAyB2GKRcp3wgp/i9oFynfCCNDSVEuSVFUNDYyMTQ4NzkuSVFfQ0RTX01JRC4xMy8wNy8yNgEAAAD1GjcAAgAAAAY1MC41NTgAyB2GKRcp3wgp/i9oFynfCCNDSVEuSVFUNDY0NzA4NzcuSVFfQ0RTX01JRC4xMy8wNy8yNgEAAABCNwcAAgAA | AQ1: AAc1NS43NjkzAMpEhikXKd8InMwwaBcp3wgkQ0lRLklRVDMxMzMxMDg1NC5JUV9DRFNfTUlELjEzLzA3LzI2AQAAAK9UDQACAAAABDYxLjUAwvAtKRcp3wiczDBoFynfCCNDSVEuSVFUNDYyMTQ5NTQuSVFfQ0RTX01JRC4wNS8xMC8yNgEAAAA6PTkBAgAAAAYyMy4yMTQAyB2GKRcp3wg84iloFynfCCNDSVEuSVFUNDYyMDg2MzQuSVFfQ0RTX01JRC4wNS8xMC8yNgEAAAADH8IAAgAAAAcyNC4xNTQ5AMpEhikXKd8IPOIpaBcp3wgjQ0lRLklRVDQ2MjI1MDgzLklRX0NEU19NSUQuMDUvMTAvMjYBAAAAVkQGAAIAAAAENDQuNQDga4YpFynfCDziKWgXKd8II0NJUS5JUVQ0NjIwMzcxNC5JUV9DRFNfTUlELjI5LzA5LzI2AQAAAF8FNQACAAAABzY1LjEzNzMAyB2GKRcp3wimfC5oFynfCCNDSVEuSVFUNzk2Mzk5NTMuSVFfQ0RTX01JRC4yOS8wOS8yNgEAAAA0m1YBAgAAAAcyMS4zMTczAMpEhikXKd8IpnwuaBcp3wgkQ0lRLklRVDUyODkzNjgxMi5JUV9DRFNfTUlELjI5LzA5LzI2AQAAAGxbBgACAAAABzU0LjAxNDQA4GuGKRcp3wgp/i9oFynfCCNDSVEuSVFUNDYxOTcxMzguSVFfQ0RTX01JRC4xMy8xMC8yNQEAAADulDgBAgAAAAgxNTkuNjgyMQD59oUpFynfCIsKM2gXKd8II0NJUS5JUVQ1MTAyMzQ4MC5JUV9DRFNfTUlELjEzLzEwLzI1AQAAAMJF8QECAAAABjYuNjYwMQDIHYYpFynfCIsKM2gXKd8II0NJ | AR1: US5JUVQ0NjIwNDk1Ny5JUV9DRFNfTUlELjEzLzEwLzI1AQAAACEVBgACAAAABzYyLjcxMjkAykSGKRcp3whzjzRoFynfCCNDSVEuSVFUNjIyNzAxMDYuSVFfQ0RTX01JRC4xMy8xMC8yNQEAAACtd4MAAgAAAAY3MS4xOTEAwsktKRcp3whM3jRoFynfCCNDSVEuSVFUNDYyMDY3NzkuSVFfQ0RTX01JRC4wMy8xMC8yNgEAAAD87zYAAgAAAAcyOS4yOTc1AMgdhikXKd8IsLkraBcp3wgjQ0lRLklRVDQ2MjIzNjQ2LklRX0NEU19NSUQuMDEvMTAvMjYBAAAAG3gEAAIAAAAHNTcuMTQ5NgDKRIYpFynfCIsKM2gXKd8II0NJUS5JUVQ0NjIxODUxNi5JUV9DRFNfTUlELjMwLzA5LzI2AQAAAKZVowECAAAABzQzLjM3MTgAyB2GKRcp3wiczDBoFynfCCNDSVEuSVFUNDYyMDAzNjQuSVFfQ0RTX01JRC4zMC8wOS8yNgEAAABXhggAAgAAAAYyOC4xMjUA4GuGKRcp3wjJiDFoFynfCCNDSVEuSVFUNDYyMTQ4NzkuSVFfQ0RTX01JRC4wOC8xMC8yNgEAAAD1GjcAAgAAAAc1Ny4xOTg4AMgdhikXKd8IYUgpaBcp3wgjQ0lRLklRVDQ2MjE0OTU0LklRX0NEU19NSUQuMDcvMTAvMjYBAAAAOj05AQIAAAAHMjMuODMzMwDIHYYpFynfCMmIMWgXKd8II0NJUS5JUVQ3OTY0MDAyNC5JUV9DRFNfTUlELjEzLzA3LzI2AQAAADWPmwECAAAAAzcuOADIHYYpFynfCCn+L2gXKd8II0NJUS5JUVQ0NjIyNjEzMi5JUV9DRFNfTUlELjExLzEw | AS1: LzI2AQAAAN1ZAAACAAAABzY3LjI3NjEA4GuGKRcp3wgHfCZoFynfCCRDSVEuSVFUMzEzMzEzNTI0LklRX0NEU19NSUQuMTEvMTAvMjYBAAAA71UNAAIAAAAHNTQuNDkwNADC8C0pFynfCIkvJ2gXKd8II0NJUS5JUVQ3OTYzOTkxMy5JUV9DRFNfTUlELjEwLzEwLzI2AQAAACBjHAICAAAABjkuNjY3NQDIHYYpFynfCIkvJ2gXKd8II0NJUS5JUVQ0NjIwNzg3Mi5JUV9DRFNfTUlELjEwLzEwLzI2AQAAAFgNCgACAAAABzQ0LjA5OTUAykSGKRcp3wiJLydoFynfCCNDSVEuSVFUNDYyMDAzMTcuSVFfQ0RTX01JRC4xMC8xMC8yNgEAAAD+VA0AAgAAAAc2OS45NDkxAMLJLSkXKd8IiS8naBcp3wgkQ0lRLklRVDY0NDcwMTc5Ny5JUV9DRFNfTUlELjA5LzEwLzI2AQAAAFM/fQECAAAABzExLjQ1NTMAyB2GKRcp3wjoXyhoFynfCCNDSVEuSVFUNDYyMTY5ODYuSVFfQ0RTX01JRC4wOS8xMC8yNgEAAADORDgBAwAAAAAAykSGKRcp3wjoXyhoFynfCCRDSVEuSVFUMjU0OTU1MjMzLklRX0NEU19NSUQuMDkvMTAvMjYBAAAAOVYKAAIAAAAHNTIuODI2MgDga4YpFynfCOhfKGgXKd8II0NJUS5JUVQ0NjE5NjIyNS5JUV9DRFNfTUlELjAzLzEwLzI2AQAAAL5VowECAAAABTI3Ljk2AMgdhikXKd8IsLkraBcp3wgjQ0lRLklRVDUxMDIzMjYwLklRX0NEU19NSUQuMDMvMTAvMjYBAAAAsRF/AQIAAAAHMTUuODQyMwDKRIYpFynf | AT1: CLC5K2gXKd8II0NJUS5JUVQ0NjIyNDc0MC5JUV9DRFNfTUlELjAzLzEwLzI2AQAAANNyCAACAAAABzYyLjM1OTEA4GuGKRcp3whT8yxoFynfCCRDSVEuSVFUMzEzMzE3MzQ0LklRX0NEU19NSUQuMDMvMTAvMjYBAAAA8awBAAIAAAAHNjEuNDg0MgDC8C0pFynfCFPzLGgXKd8II0NJUS5JUVQ0NjIwMDI3Ni5JUV9DRFNfTUlELjAyLzEwLzI2AQAAAJZ3fAECAAAABTMzLjQ4AMgdhikXKd8IU/MsaBcp3wgjQ0lRLklRVDQ2MTk1NDkxLklRX0NEU19NSUQuMDIvMTAvMjYBAAAAaUoAAAIAAAAHNjMuODYyMQDKRIYpFynfCFPzLGgXKd8II0NJUS5JUVQ3OTYzNDkwMS5JUV9DRFNfTUlELjAyLzEwLzI2AQAAAJwGEAACAAAABzU2LjQ5ODMA4GuGKRcp3whlLi5oFynfCCNDSVEuSVFUNDYyMDc1NzEuSVFfQ0RTX01JRC4wMS8xMC8yNgEAAABt7zUAAgAAAAc2Mi41MzYzAMgdhikXKd8IiwozaBcp3wgjQ0lRLklRVDQ2MjEzNDcyLklRX0NEU19NSUQuMDEvMTAvMjYBAAAAuVo4AAIAAAAHMTYuMDA4NQDKRIYpFynfCIsKM2gXKd8IJENJUS5JUVQyNjMyMTMxMzIuSVFfQ0RTX01JRC4wMS8xMC8yNgEAAADhmggAAgAAAAc2Ny43NDYzAOBrhikXKd8IiwozaBcp3wgjQ0lRLklRVDQ2MTk0OTk1LklRX0NEU19NSUQuMzAvMDkvMjYBAAAAbhAxAAIAAAAHMTQuMjYyOADIHYYpFynfCJzMMGgXKd8II0NJUS5JUVQ0NjIyMjI5 | AU1: Mi5JUV9DRFNfTUlELjMwLzA5LzI2AQAAANGRmwECAAAACDc1NS4wODU3AMpEhikXKd8IyYgxaBcp3wgjQ0lRLklRVDQ2MjI1MDA2LklRX0NEU19NSUQuMzAvMDkvMjYBAAAA+FUNAAIAAAAHNjEuODM1MwDga4YpFynfCMmIMWgXKd8II0NJUS5JUVQ0NjIyMDMyOS5JUV9DRFNfTUlELjMwLzA5LzI2AQAAANtbAAACAAAABDYwLjUAwvAtKRcp3wjJiDFoFynfCCNDSVEuSVFUNDYyMDczMDguSVFfQ0RTX01JRC4wOC8xMC8yNgEAAAA5iXoBAgAAAAcxNy40MjY3AMgdhikXKd8IYUgpaBcp3wgjQ0lRLklRVDQ2MjEwMDMyLklRX0NEU19NSUQuMDgvMTAvMjYBAAAAj1WjAQIAAAAHMzUuMjk3NADKRIYpFynfCGFIKWgXKd8II0NJUS5JUVQ0NjIyNTM3NC5JUV9DRFNfTUlELjA4LzEwLzI2AQAAALXWBQACAAAABzQ5LjI3NDQA4GuGKRcp3wg84iloFynfCCNDSVEuSVFUNDk3NTExOTYuSVFfQ0RTX01JRC4wNy8xMC8yNgEAAADNmb0AAgAAAAc0Mi43NjczAMgdhikXKd8IyYgxaBcp3wgjQ0lRLklRVDYwMzg5NTE2LklRX0NEU19NSUQuMDcvMTAvMjYBAAAApfDDAQIAAAAGNy4zOTYxAMpEhikXKd8IyYgxaBcp3wgkQ0lRLklRVDMyMzY4MDEzMC5JUV9DRFNfTUlELjA3LzEwLzI2AQAAAHHhAgACAAAABzU1LjIwMTEAykSGKRcp3wjJiDFoFynfCCRDSVEuSVFUMzEzMzE1NDI5LklRX0NEU19NSUQuMDcvMTAvMjYBAAAA | AV1: OecFAAIAAAAHNjQuMTY5MQDC8C0pFynfCIsKM2gXKd8II0NJUS5JUVQ0NjIwNjc3OS5JUV9DRFNfTUlELjA2LzEwLzI2AQAAAPzvNgACAAAABjI4LjMzNwDIHYYpFynfCKZ8LmgXKd8II0NJUS5JUVQ0NjIxODY3NC5JUV9DRFNfTUlELjA2LzEwLzI2AQAAAFfKNgACAAAABzEzNS41NTYAykSGKRcp3wimfC5oFynfCCNDSVEuSVFUNDYyMjU3MTUuSVFfQ0RTX01JRC4wNi8xMC8yNgEAAAC35QQAAgAAAAc0Mi45ODA1AOBrhikXKd8IpnwuaBcp3wgjQ0lRLklRVDQ2MjA0ODg0LklRX0NEU19NSUQuMDQvMTAvMjYBAAAAgVHAAQIAAAAHNDYuMjI3MgDIHYYpFynfCDziKWgXKd8II0NJUS5JUVQ0NjIwNzc4OS5JUV9DRFNfTUlELjA0LzEwLzI2AQAAACpYowECAAAABzI4LjkzODYAykSGKRcp3whSdCtoFynfCCRDSVEuSVFUMjg2MDk2MTMxLklRX0NEU19NSUQuMDQvMTAvMjYBAAAAO/EEAAIAAAAHNzMuMzI1NwDga4YpFynfCLC5K2gXKd8II0NJUS5JUVQ0NjIxMDU2MC5JUV9DRFNfTUlELjEzLzA3LzI2AQAAAPYaNwACAAAABzg1Ljg0ODUAyB2GKRcp3wgp/i9oFynfCCNDSVEuSVFUNDYyMTk5MjIuSVFfQ0RTX01JRC4xMy8wNy8yNgEAAADWRzkBAgAAAAY2LjgyOTMAyB2GKRcp3wgp/i9oFynfCCNDSVEuSVFUNDYyMjM2NDYuSVFfQ0RTX01JRC4xMy8wNy8yNgEAAAAbeAQAAgAAAAc0OS4yOTU5AMpEhikXKd8I | AW1: nMwwaBcp3wgkQ0lRLklRVDMxMzMxNDk3Ni5JUV9DRFNfTUlELjEzLzA3LzI2AQAAAG1KAAACAAAABDU2LjUAwvAtKRcp3wiczDBoFynfCCNDSVEuSVFUNDYyMTg1MTYuSVFfQ0RTX01JRC4wNS8xMC8yNgEAAACmVaMBAgAAAAc0NC4yNDQ4AMgdhikXKd8IPOIpaBcp3wgjQ0lRLklRVDQ2MjIwODAzLklRX0NEU19NSUQuMDUvMTAvMjYBAAAA1sk2AAIAAAAGNDAuOTk3AMpEhikXKd8IPOIpaBcp3wgjQ0lRLklRVDQ2MjAwMzY0LklRX0NEU19NSUQuMDUvMTAvMjYBAAAAV4YIAAIAAAAHMzAuOTEyNQDga4YpFynfCDziKWgXKd8II0NJUS5JUVQ0NjIwNDMwMC5JUV9DRFNfTUlELjI5LzA5LzI2AQAAAPYlfQACAAAABzEwLjAwMzQAyB2GKRcp3wimfC5oFynfCCNDSVEuSVFUNjAzODgwNTcuSVFfQ0RTX01JRC4yOS8wOS8yNgEAAADfyX0BAwAAAAAAykSGKRcp3wimfC5oFynfCCNDSVEuSVFUNDYxOTk4NDEuSVFfQ0RTX01JRC4yOS8wOS8yNgEAAADrMAYAAwAAAAAA4GuGKRcp3wgp/i9oFynfCCRDSVEuSVFUMzEzMzEwMTg0LklRX0NEU19NSUQuMTMvMTAvMjUBAAAAYEQ+AAIAAAAHMTcuNjgwNwDIHYYpFynfCIsKM2gXKd8II0NJUS5JUVQ0NjIxNDg3OS5JUV9DRFNfTUlELjEzLzEwLzI1AQAAAPUaNwACAAAABzYzLjIyNDEAyB2GKRcp3wiLCjNoFynfCCNDSVEuSVFUNDY0NzA4NzcuSVFfQ0RTX01JRC4xMy8x | AX1: MC8yNQEAAABCNwcAAgAAAAc1OC4zMjY5AMpEhikXKd8Ic480aBcp3wgkQ0lRLklRVDMxMzMxMDg1NC5JUV9DRFNfTUlELjEzLzEwLzI1AQAAAK9UDQACAAAABzQ4LjA4NjcAwvAtKRcp3whM3jRoFynfCCNDSVEuSVFUNDYxOTc2OTQuSVFfQ0RTX01JRC4wNi8xMC8yNgEAAAAH+gUAAgAAAAY2MC43NjEAykSGKRcp3wimfC5oFynfCCNDSVEuSVFUNjIyNzAxMDcuSVFfQ0RTX01JRC4wNi8xMC8yNgEAAAAVWQAAAgAAAAc0NS40MjA5AOBrhikXKd8IpnwuaBcp3wgjQ0lRLklRVDQ2MjA3MzA4LklRX0NEU19NSUQuMDQvMTAvMjYBAAAAOYl6AQIAAAAGMTkuNjI1AMgdhikXKd8IPOIpaBcp3wgjQ0lRLklRVDQ2MjEwMDMyLklRX0NEU19NSUQuMDQvMTAvMjYBAAAAj1WjAQIAAAAHMzUuNDU4NwDKRIYpFynfCFJ0K2gXKd8II0NJUS5JUVQ0NjIyNTM3NC5JUV9DRFNfTUlELjA0LzEwLzI2AQAAALXWBQACAAAABzQ5LjY2MDcA4GuGKRcp3wiwuStoFynfCCNDSVEuSVFUNDk3NTExOTYuSVFfQ0RTX01JRC4xMy8wNy8yNgEAAADNmb0AAgAAAAU0MS43NQDIHYYpFynfCCn+L2gXKd8II0NJUS5JUVQ2MDM4OTUxNi5JUV9DRFNfTUlELjEzLzA3LzI2AQAAAKXwwwECAAAABjcuMjQwOADKRIYpFynfCCn+L2gXKd8IJENJUS5JUVQzMjM2ODAxMzAuSVFfQ0RTX01JRC4xMy8wNy8yNgEAAABx4QIAAgAAAAc1Mi44NTUzAMpE | AY1: hikXKd8InMwwaBcp3wgkQ0lRLklRVDMxMzMxNTQyOS5JUV9DRFNfTUlELjEzLzA3LzI2AQAAADnnBQACAAAABzYyLjMzMzMAwvAtKRcp3wiczDBoFynfCCNDSVEuSVFUNDYyMDY3NzkuSVFfQ0RTX01JRC4wNS8xMC8yNgEAAAD87zYAAgAAAAcyOS44MjE5AMgdhikXKd8IPOIpaBcp3wgjQ0lRLklRVDQ2MjE4Njc0LklRX0NEU19NSUQuMDUvMTAvMjYBAAAAV8o2AAIAAAAIMTQyLjg5ODIAykSGKRcp3wg84iloFynfCCNDSVEuSVFUNDYyMjU3MTUuSVFfQ0RTX01JRC4wNS8xMC8yNgEAAAC35QQAAgAAAAU0Mi45NQDga4YpFynfCDziKWgXKd8II0NJUS5JUVQ0NjIwNDg4NC5JUV9DRFNfTUlELjI5LzA5LzI2AQAAAIFRwAECAAAABzM3LjQxMDEAyB2GKRcp3wimfC5oFynfCCNDSVEuSVFUNDYyMDc3ODkuSVFfQ0RTX01JRC4yOS8wOS8yNgEAAAAqWKMBAgAAAAcyNi4yNTI3AMpEhikXKd8IpnwuaBcp3wgkQ0lRLklRVDI4NjA5NjEzMS5JUV9DRFNfTUlELjI5LzA5LzI2AQAAADvxBAACAAAABzY3LjQ0MjkA4GuGKRcp3wgp/i9oFynfCCNDSVEuSVFUNDYyMTA1NjAuSVFfQ0RTX01JRC4xMy8xMC8yNQEAAAD2GjcAAgAAAAc5Ni45Mjg3AMgdhikXKd8IiwozaBcp3wgjQ0lRLklRVDQ2MjE5OTIyLklRX0NEU19NSUQuMTMvMTAvMjUBAAAA1kc5AQIAAAAGOS42Nzg3AMgdhikXKd8IiwozaBcp3wgjQ0lRLklRVDQ2 | AZ1: MjIzNjQ2LklRX0NEU19NSUQuMTMvMTAvMjUBAAAAG3gEAAIAAAAHNTMuMjk3OADKRIYpFynfCHOPNGgXKd8IJENJUS5JUVQzMTMzMTQ5NzYuSVFfQ0RTX01JRC4xMy8xMC8yNQEAAABtSgAAAgAAAAc1Mi4wMDg0AMLwLSkXKd8ITN40aBcp3wgkQ0lRLklRVDY0NDcwMTc5Ny5JUV9DRFNfTUlELjA4LzEwLzI2AQAAAFM/fQECAAAABzExLjY2MjgAyB2GKRcp3whhSCloFynfCCNDSVEuSVFUNDYyMTY5ODYuSVFfQ0RTX01JRC4wOC8xMC8yNgEAAADORDgBAwAAAAAAykSGKRcp3whhSCloFynfCCRDSVEuSVFUMjU0OTU1MjMzLklRX0NEU19NSUQuMDgvMTAvMjYBAAAAOVYKAAIAAAAHNTMuNTk1MwDga4YpFynfCDziKWgXKd8II0NJUS5JUVQ0NjE5NjIyNS5JUV9DRFNfTUlELjA3LzEwLzI2AQAAAL5VowECAAAABzMyLjM5NjYAyB2GKRcp3wjJiDFoFynfCCNDSVEuSVFUNTEwMjMyNjAuSVFfQ0RTX01JRC4wNy8xMC8yNgEAAACxEX8BAgAAAAcxNS42OTQ1AMpEhikXKd8IyYgxaBcp3wgkQ0lRLklRVDMxMzMxNzM0NC5JUV9DRFNfTUlELjA3LzEwLzI2AQAAAPGsAQACAAAABzYyLjE0MDcAwvAtKRcp3wiLCjNoFynfCCNDSVEuSVFUNDYyMDAyNzYuSVFfQ0RTX01JRC4wNi8xMC8yNgEAAACWd3wBAgAAAAczNC40ODY1AMgdhikXKd8IpnwuaBcp3wgjQ0lRLklRVDc5NjM0OTAxLklRX0NEU19NSUQuMDYvMTAvMjYB | BA1: AAAAnAYQAAIAAAAHNTYuNTE3NADga4YpFynfCKZ8LmgXKd8II0NJUS5JUVQ0NjIxMzQ3Mi5JUV9DRFNfTUlELjA0LzEwLzI2AQAAALlaOAACAAAABjE2LjA2NADKRIYpFynfCFJ0K2gXKd8IJENJUS5JUVQyNjMyMTMxMzIuSVFfQ0RTX01JRC4wNC8xMC8yNgEAAADhmggAAgAAAAc2OC4xMTAxAOBrhikXKd8IsLkraBcp3wgjQ0lRLklRVDQ2MTk0OTk1LklRX0NEU19NSUQuMTMvMDcvMjYBAAAAbhAxAAIAAAAHMTAuOTk5OADIHYYpFynfCCn+L2gXKd8II0NJUS5JUVQ0NjIyNTAwNi5JUV9DRFNfTUlELjEzLzA3LzI2AQAAAPhVDQACAAAABzQxLjcwODIA4GuGKRcp3wiczDBoFynfCCNDSVEuSVFUNDYxOTc2OTQuSVFfQ0RTX01JRC4wNS8xMC8yNgEAAAAH+gUAAgAAAAc2MS44NjY4AMpEhikXKd8IPOIpaBcp3wgjQ0lRLklRVDQ2MjA3MzA4LklRX0NEU19NSUQuMjkvMDkvMjYBAAAAOYl6AQIAAAAEMTYuMwDIHYYpFynfCKZ8LmgXKd8II0NJUS5JUVQ0NjIyNTM3NC5JUV9DRFNfTUlELjI5LzA5LzI2AQAAALXWBQACAAAABzQ1Ljc5NTcA4GuGKRcp3wgp/i9oFynfCCRDSVEuSVFUMzEzMzE1NDI5LklRX0NEU19NSUQuMTMvMTAvMjUBAAAAOecFAAIAAAAHNDguODAyNADC8C0pFynfCEzeNGgXKd8II0NJUS5JUVQ0NjIxNjk4Ni5JUV9DRFNfTUlELjA0LzEwLzI2AQAAAM5EOAEDAAAAAADKRIYpFynfCFJ0K2gX | BB1: Kd8IJENJUS5JUVQyNTQ5NTUyMzMuSVFfQ0RTX01JRC4wNC8xMC8yNgEAAAA5VgoAAgAAAAc1NC4wMDA3AOBrhikXKd8IsLkraBcp3wgjQ0lRLklRVDUxMDIzMjYwLklRX0NEU19NSUQuMTMvMDcvMjYBAAAAsRF/AQIAAAAHMTMuOTA3MgDKRIYpFynfCCn+L2gXKd8II0NJUS5JUVQ0NjIwMDI3Ni5JUV9DRFNfTUlELjA1LzEwLzI2AQAAAJZ3fAECAAAABzM0LjI3OTQAyB2GKRcp3wg84iloFynfCCNDSVEuSVFUNzk2MzQ5MDEuSVFfQ0RTX01JRC4wNS8xMC8yNgEAAACcBhAAAgAAAAc1Ni40OTE0AOBrhikXKd8IPOIpaBcp3wgjQ0lRLklRVDQ2MjEzNDcyLklRX0NEU19NSUQuMjkvMDkvMjYBAAAAuVo4AAIAAAAHMTUuNzgxNQDKRIYpFynfCKZ8LmgXKd8IJENJUS5JUVQyNjMyMTMxMzIuSVFfQ0RTX01JRC4yOS8wOS8yNgEAAADhmggAAgAAAAc2NC42NjE1AOBrhikXKd8IKf4vaBcp3wgjQ0lRLklRVDQ2MjIyMjkyLklRX0NEU19NSUQuMTMvMTAvMjUBAAAA0ZGbAQIAAAAKMTQ3ODcuMzI5MwDKRIYpFynfCIsKM2gXKd8II0NJUS5JUVQ0NjIyMDMyOS5JUV9DRFNfTUlELjEzLzEwLzI1AQAAANtbAAACAAAABzQyLjkyMzIAwvAtKRcp3whM3jRoFynfCCRDSVEuSVFUMzEzMzE3MzQ0LklRX0NEU19NSUQuMTMvMTAvMjUBAAAA8awBAAIAAAAHNTAuOTUwOADC8C0pFynfCEzeNGgXKd8II0NJUS5JUVQ1MTAyMzI2 | BC1: MC5JUV9DRFNfTUlELjAyLzEwLzI2AQAAALERfwECAAAABzE1Ljg0MjMAykSGKRcp3whT8yxoFynfCCNDSVEuSVFUNDYxOTU0OTEuSVFfQ0RTX01JRC4wMS8xMC8yNgEAAABpSgAAAgAAAAc2My41ODc2AMpEhikXKd8IiwozaBcp3wgjQ0lRLklRVDQ2MjA3NTcxLklRX0NEU19NSUQuMzAvMDkvMjYBAAAAbe81AAIAAAAGNTEuMTE3AMgdhikXKd8InMwwaBcp3wgjQ0lRLklRVDQ2MTk3Njk0LklRX0NEU19NSUQuMDgvMTAvMjYBAAAAB/oFAAIAAAAHNjIuMjE0OQDKRIYpFynfCGFIKWgXKd8II0NJUS5JUVQ0NjIyNjEzMi5JUV9DRFNfTUlELjAyLzEwLzI2AQAAAN1ZAAACAAAABzY5LjY4MDkA4GuGKRcp3whT8yxoFynfCCNDSVEuSVFUNzk2Mzk5MTMuSVFfQ0RTX01JRC4wMS8xMC8yNgEAAAAgYxwCAgAAAAY5LjExMzIAyB2GKRcp3wiLCjNoFynfCCNDSVEuSVFUNDYyMDAyNzYuSVFfQ0RTX01JRC4wOC8xMC8yNgEAAACWd3wBAgAAAAczNC44NDg0AMgdhikXKd8IYUgpaBcp3wgjQ0lRLklRVDQ2MjA3NTcxLklRX0NEU19NSUQuMDcvMTAvMjYBAAAAbe81AAIAAAAHNjcuNjkyOQDIHYYpFynfCMmIMWgXKd8II0NJUS5JUVQ0NjIyMDMyOS5JUV9DRFNfTUlELjA2LzEwLzI2AQAAANtbAAACAAAABDYwLjUAwvAtKRcp3wimfC5oFynfCCNDSVEuSVFUNDYxOTQ5OTUuSVFfQ0RTX01JRC4wNS8xMC8yNgEAAABuEDEA | BD1: AgAAAAcxNy4xNDc4AMgdhikXKd8IPOIpaBcp3wgjQ0lRLklRVDQ2MTk3Njk0LklRX0NEU19NSUQuMjkvMDkvMjYBAAAAB/oFAAIAAAAGNjEuMzgyAMpEhikXKd8IpnwuaBcp3wgjQ0lRLklRVDQ2MjEwMDMyLklRX0NEU19NSUQuMTMvMTAvMjUBAAAAj1WjAQIAAAAHNDIuNzEyMQDKRIYpFynfCHOPNGgXKd8II0NJUS5JUVQ3OTY0MDAyNC5JUV9DRFNfTUlELjA3LzEwLzI2AQAAADWPmwECAAAABTEyLjc1AMgdhikXKd8IyYgxaBcp3wgjQ0lRLklRVDQ2MjE2OTg2LklRX0NEU19NSUQuMTMvMDcvMjYBAAAAzkQ4AQMAAAAAAMpEhikXKd8Ik6QwaBcp3wgkQ0lRLklRVDMxMzMxNzM0NC5JUV9DRFNfTUlELjA1LzEwLzI2AQAAAPGsAQACAAAABzYxLjgwMTIAwvAtKRcp3wg84iloFynfCCRDSVEuSVFUMzEzMzE1NDI5LklRX0NEU19NSUQuMDkvMTAvMjYBAAAAOecFAAIAAAAHNjMuMTcwOQDC8C0pFynfCCEhKWgXKd8II0NJUS5JUVQ0NjIwNzc4OS5JUV9DRFNfTUlELjAyLzEwLzI2AQAAACpYowECAAAABzI4LjkzODYAykSGKRcp3whT8yxoFynfCCRDSVEuSVFUMjg2MDk2MTMxLklRX0NEU19NSUQuMDIvMTAvMjYBAAAAO/EEAAIAAAAHNzMuMzI1NwDga4YpFynfCFPzLGgXKd8II0NJUS5JUVQ0NjIxOTkyMi5JUV9DRFNfTUlELjAxLzEwLzI2AQAAANZHOQECAAAABTguNjI1AMgdhikXKd8IiwozaBcp3wgkQ0lR | BE1: LklRVDMxMzMxNDk3Ni5JUV9DRFNfTUlELjAxLzEwLzI2AQAAAG1KAAACAAAABzU1Ljg0MzIAwvAtKRcp3wiLCjNoFynfCCNDSVEuSVFUNDYyMjA4MDMuSVFfQ0RTX01JRC4zMC8wOS8yNgEAAADWyTYAAgAAAAc0MC4wMzEzAMpEhikXKd8IyYgxaBcp3wgjQ0lRLklRVDQ2NDcwODc3LklRX0NEU19NSUQuMDgvMTAvMjYBAAAAQjcHAAIAAAAHNjQuNTExMwDKRIYpFynfCGFIKWgXKd8II0NJUS5JUVQ0NjIwODYzNC5JUV9DRFNfTUlELjA3LzEwLzI2AQAAAAMfwgACAAAABzIzLjY1MTQAykSGKRcp3wjJiDFoFynfCCRDSVEuSVFUNTI4OTM2ODEyLklRX0NEU19NSUQuMTEvMTAvMjYBAAAAbFsGAAIAAAAHNTcuMjQ3OADga4YpFynfCAd8JmgXKd8II0NJUS5JUVQ0NjE5NzEzOC5JUV9DRFNfTUlELjEwLzEwLzI2AQAAAO6UOAECAAAACDEwOS41MDAyAPn2hSkXKd8IiS8naBcp3wgjQ0lRLklRVDUxMDIzNDgwLklRX0NEU19NSUQuMTAvMTAvMjYBAAAAwkXxAQIAAAAGNy4zODU4AMgdhikXKd8IiS8naBcp3wgjQ0lRLklRVDQ2MjA0OTU3LklRX0NEU19NSUQuMTAvMTAvMjYBAAAAIRUGAAIAAAAHNjIuNTU5OADKRIYpFynfCIkvJ2gXKd8II0NJUS5JUVQ2MjI3MDEwNi5JUV9DRFNfTUlELjEwLzEwLzI2AQAAAK13gwACAAAABzc0Ljc1NjkAwsktKRcp3wiJLydoFynfCCNDSVEuSVFUNzk2NDAwMjQuSVFfQ0RTX01J | BF1: RC4wOS8xMC8yNgEAAAA1j5sBAgAAAAcxMy4zMzMzAMgdhikXKd8I6F8oaBcp3wgkQ0lRLklRVDMxMzMwNTg3OS5JUV9DRFNfTUlELjA5LzEwLzI2AQAAAITW3AECAAAABjIuMjkzOQDKRIYpFynfCOhfKGgXKd8II0NJUS5JUVQ0NjIwMDQxMi5JUV9DRFNfTUlELjA5LzEwLzI2AQAAAGNDBgACAAAABzU2LjUzMzMA4GuGKRcp3wjoXyhoFynfCCNDSVEuSVFUNDYyMDMzMzIuSVFfQ0RTX01JRC4wMy8xMC8yNgEAAABfHjcAAgAAAAcxMy4xODk4AMgdhikXKd8IsLkraBcp3wgjQ0lRLklRVDQ2MjE1MTExLklRX0NEU19NSUQuMDMvMTAvMjYBAAAAoEuyAQIAAAAHMzYuODcyNgDKRIYpFynfCLC5K2gXKd8II0NJUS5JUVQ0NjIyNjEzMi5JUV9DRFNfTUlELjAzLzEwLzI2AQAAAN1ZAAACAAAABzY5LjY4MDkA4GuGKRcp3whT8yxoFynfCCRDSVEuSVFUMzEzMzEzNTI0LklRX0NEU19NSUQuMDMvMTAvMjYBAAAA71UNAAIAAAAHNTQuODA4NQDC8C0pFynfCFPzLGgXKd8II0NJUS5JUVQ3OTYzOTkxMy5JUV9DRFNfTUlELjAyLzEwLzI2AQAAACBjHAICAAAABjkuNjkwOQDIHYYpFynfCFPzLGgXKd8II0NJUS5JUVQ0NjIwNzg3Mi5JUV9DRFNfTUlELjAyLzEwLzI2AQAAAFgNCgACAAAABzQ0LjEzMjEAykSGKRcp3whT8yxoFynfCCNDSVEuSVFUNDYyMDAzMTcuSVFfQ0RTX01JRC4wMi8xMC8yNgEAAAD+VA0AAgAAAAc3 | BG1: MC4yMDQ2AMLJLSkXKd8IZS4uaBcp3wgkQ0lRLklRVDY0NDcwMTc5Ny5JUV9DRFNfTUlELjAxLzEwLzI2AQAAAFM/fQECAAAABzEyLjA2MjIAyB2GKRcp3wiLCjNoFynfCCNDSVEuSVFUNDYyMTY5ODYuSVFfQ0RTX01JRC4wMS8xMC8yNgEAAADORDgBAwAAAAAAykSGKRcp3wiLCjNoFynfCCRDSVEuSVFUMjU0OTU1MjMzLklRX0NEU19NSUQuMDEvMTAvMjYBAAAAOVYKAAIAAAAHNTMuMjQ4MgDga4YpFynfCIsKM2gXKd8II0NJUS5JUVQ0NjE5NjIyNS5JUV9DRFNfTUlELjMwLzA5LzI2AQAAAL5VowECAAAABjI0LjQyNADIHYYpFynfCJzMMGgXKd8II0NJUS5JUVQ1MTAyMzI2MC5JUV9DRFNfTUlELjMwLzA5LzI2AQAAALERfwECAAAABzE1LjUxNzEAykSGKRcp3wjJiDFoFynfCCNDSVEuSVFUNDYyMjQ3NDAuSVFfQ0RTX01JRC4zMC8wOS8yNgEAAADTcggAAgAAAAc1Ni42MDk0AOBrhikXKd8IyYgxaBcp3wgkQ0lRLklRVDMxMzMxNzM0NC5JUV9DRFNfTUlELjMwLzA5LzI2AQAAAPGsAQACAAAABzYyLjcwOTcAwvAtKRcp3wjJiDFoFynfCCNDSVEuSVFUNDYyMDc1NzEuSVFfQ0RTX01JRC4wOC8xMC8yNgEAAABt7zUAAgAAAAc2NS42MzQ3AMgdhikXKd8IYUgpaBcp3wgjQ0lRLklRVDQ2MjEzNDcyLklRX0NEU19NSUQuMDgvMTAvMjYBAAAAuVo4AAIAAAAHMTYuMDk3NQDKRIYpFynfCGFIKWgXKd8IJENJUS5J | BH1: UVQyNjMyMTMxMzIuSVFfQ0RTX01JRC4wOC8xMC8yNgEAAADhmggAAgAAAAY2OC4yODQA4GuGKRcp3wg84iloFynfCCNDSVEuSVFUNDYxOTQ5OTUuSVFfQ0RTX01JRC4wNy8xMC8yNgEAAABuEDEAAgAAAAcxNy4yMDY1AMgdhikXKd8IyYgxaBcp3wgjQ0lRLklRVDQ2MjIyMjkyLklRX0NEU19NSUQuMDcvMTAvMjYBAAAA0ZGbAQIAAAAINzU1LjU2NDQAykSGKRcp3wjJiDFoFynfCCNDSVEuSVFUNDYyMjUwMDYuSVFfQ0RTX01JRC4wNy8xMC8yNgEAAAD4VQ0AAgAAAAc2NC40MDcxAOBrhikXKd8IyYgxaBcp3wgjQ0lRLklRVDQ2MjIwMzI5LklRX0NEU19NSUQuMDcvMTAvMjYBAAAA21sAAAIAAAAENjAuNQDC8C0pFynfCIsKM2gXKd8II0NJUS5JUVQ0NjI2MjM3OC5JUV9DRFNfTUlELjA2LzEwLzI2AQAAAEDSiQECAAAABzI2LjA5MjcAyB2GKRcp3wimfC5oFynfCCNDSVEuSVFUNDYyMTM0NzIuSVFfQ0RTX01JRC4zMC8wOS8yNgEAAAC5WjgAAgAAAAYxNi4wNjUAykSGKRcp3wjJiDFoFynfCCNDSVEuSVFUNDYyMTAwMzIuSVFfQ0RTX01JRC4wNy8xMC8yNgEAAACPVaMBAgAAAAczNC4zMTI0AMpEhikXKd8IyYgxaBcp3wgjQ0lRLklRVDQ2MjE4Njc0LklRX0NEU19NSUQuMDQvMTAvMjYBAAAAV8o2AAIAAAAIMTQzLjY3NzMAykSGKRcp3whSdCtoFynfCCNDSVEuSVFUNDYyMjU3MTUuSVFfQ0RTX01JRC4wNC8x | BI1: MC8yNgEAAAC35QQAAgAAAAc0My4wMTM1AOBrhikXKd8IsLkraBcp3wgjQ0lRLklRVDQ2MjA0ODg0LklRX0NEU19NSUQuMTMvMDcvMjYBAAAAgVHAAQIAAAAHMjkuMTgyNwDIHYYpFynfCCn+L2gXKd8IJENJUS5JUVQyODYwOTYxMzEuSVFfQ0RTX01JRC4xMy8wNy8yNgEAAAA78QQAAgAAAAc2MC43MDMzAOBrhikXKd8InMwwaBcp3wgjQ0lRLklRVDQ2MjIzNjQ2LklRX0NEU19NSUQuMDUvMTAvMjYBAAAAG3gEAAIAAAAHNTYuOTczOADKRIYpFynfCDziKWgXKd8II0NJUS5JUVQ0NjIwNDMwMC5JUV9DRFNfTUlELjEzLzEwLzI1AQAAAPYlfQACAAAABjguOTQ3MwDIHYYpFynfCIsKM2gXKd8II0NJUS5JUVQ2MDM4ODA1Ny5JUV9DRFNfTUlELjEzLzEwLzI1AQAAAN/JfQECAAAABzQzLjE5NTUAykSGKRcp3whzjzRoFynfCCNDSVEuSVFUNzk2Mzk5NTMuSVFfQ0RTX01JRC4xMC8xMC8yNgEAAAA0m1YBAgAAAAcyMi4xNjQxAMpEhikXKd8IiS8naBcp3wgjQ0lRLklRVDUxMDIzNDgwLklRX0NEU19NSUQuMDkvMTAvMjYBAAAAwkXxAQIAAAAGNy4zODU4AMgdhikXKd8I6F8oaBcp3wgjQ0lRLklRVDYyMjcwMTA2LklRX0NEU19NSUQuMDkvMTAvMjYBAAAArXeDAAIAAAAHNzQuNzU2OQDCyS0pFynfCOhfKGgXKd8IJENJUS5JUVQzMTMzMDU4NzkuSVFfQ0RTX01JRC4wMy8xMC8yNgEAAACE1twBAgAAAAYyLjI5MzkA | BJ1: ykSGKRcp3wiwuStoFynfCCNDSVEuSVFUNDYyMjIyOTIuSVFfQ0RTX01JRC4wNi8xMC8yNgEAAADRkZsBAgAAAAg3NTUuNjgwNwDKRIYpFynfCKZ8LmgXKd8II0NJUS5JUVQ0NjIyNTM3NC5JUV9DRFNfTUlELjEzLzA3LzI2AQAAALXWBQACAAAABTM4LjQ2AOBrhikXKd8InMwwaBcp3wgkQ0lRLklRVDMyMzY4MDEzMC5JUV9DRFNfTUlELjA1LzEwLzI2AQAAAHHhAgACAAAABzU3LjM0ODMAykSGKRcp3wg84iloFynfCCNDSVEuSVFUNDYyMDY3NzkuSVFfQ0RTX01JRC4yOS8wOS8yNgEAAAD87zYAAgAAAAcyMS40NzM0AMgdhikXKd8IpnwuaBcp3wgjQ0lRLklRVDQ2MjI1NzE1LklRX0NEU19NSUQuMjkvMDkvMjYBAAAAt+UEAAIAAAAHNDMuMzQzNwDga4YpFynfCCn+L2gXKd8II0NJUS5JUVQ0NjIwNzU3MS5JUV9DRFNfTUlELjEzLzA3LzI2AQAAAG3vNQACAAAABzI5LjE1MjcAyB2GKRcp3wgp/i9oFynfCCRDSVEuSVFUMjYzMjEzMTMyLklRX0NEU19NSUQuMTMvMDcvMjYBAAAA4ZoIAAIAAAAHNTUuMzI5NwDga4YpFynfCJzMMGgXKd8II0NJUS5JUVQ0NjIyMDMyOS5JUV9DRFNfTUlELjA1LzEwLzI2AQAAANtbAAACAAAABDYwLjUAwvAtKRcp3wg84iloFynfCCNDSVEuSVFUNjIyNzAxMDcuSVFfQ0RTX01JRC4yOS8wOS8yNgEAAAAVWQAAAgAAAAc0NC4xMjU4AOBrhikXKd8IKf4vaBcp3wgjQ0lRLklRVDQ2 | BK1: MjI1Mzc0LklRX0NEU19NSUQuMTMvMTAvMjUBAAAAtdYFAAIAAAAHNTMuMzg1OADga4YpFynfCEzeNGgXKd8II0NJUS5JUVQ0NjIwMzMzMi5JUV9DRFNfTUlELjA2LzEwLzI2AQAAAF8eNwACAAAABzEzLjY4OTgAyB2GKRcp3wimfC5oFynfCCRDSVEuSVFUMzEzMzEzNTI0LklRX0NEU19NSUQuMDYvMTAvMjYBAAAA71UNAAIAAAAHNTUuMjU0NgDC8C0pFynfCKZ8LmgXKd8IJENJUS5JUVQ2NDQ3MDE3OTcuSVFfQ0RTX01JRC4xMy8wNy8yNgEAAABTP30BAgAAAAY5Ljk5NjgAyB2GKRcp3wgp/i9oFynfCCNDSVEuSVFUNDYxOTYyMjUuSVFfQ0RTX01JRC4wNS8xMC8yNgEAAAC+VaMBAgAAAAczMS4zMzMzAMgdhikXKd8IPOIpaBcp3wgjQ0lRLklRVDQ2MjAwMjc2LklRX0NEU19NSUQuMjkvMDkvMjYBAAAAlnd8AQIAAAAHMzMuMzA3NgDIHYYpFynfCKZ8LmgXKd8II0NJUS5JUVQ0NjIwNzU3MS5JUV9DRFNfTUlELjEzLzEwLzI1AQAAAG3vNQACAAAABjM4LjEzOADIHYYpFynfCIsKM2gXKd8IJENJUS5JUVQyNjMyMTMxMzIuSVFfQ0RTX01JRC4xMy8xMC8yNQEAAADhmggAAgAAAAc2My4zMDk3AOBrhikXKd8ITN40aBcp3wgjQ0lRLklRVDYwMzg5NTE2LklRX0NEU19NSUQuMDkvMTAvMjYBAAAApfDDAQIAAAAGNy4zNDYyAMgdhikXKd8I6F8oaBcp3wgjQ0lRLklRVDQ2MjA0ODg0LklRX0NEU19NSUQuMDIvMTAv | BL1: MjYBAAAAgVHAAQIAAAAHNDYuMjI3MgDIHYYpFynfCFPzLGgXKd8II0NJUS5JUVQ0NjIxMDU2MC5JUV9DRFNfTUlELjAxLzEwLzI2AQAAAPYaNwACAAAABzEwMC45NzEAyB2GKRcp3wiLCjNoFynfCCRDSVEuSVFUMzEzMzEwMTg0LklRX0NEU19NSUQuMDgvMTAvMjYBAAAAYEQ+AAIAAAAHMTMuODU2NwD59oUpFynfCCEhKWgXKd8IJENJUS5JUVQzMTMzMTA4NTQuSVFfQ0RTX01JRC4wOC8xMC8yNgEAAACvVA0AAgAAAAY2My4yMDIAwsktKRcp3wg84iloFynfCCNDSVEuSVFUNDYyMjUwODMuSVFfQ0RTX01JRC4wNy8xMC8yNgEAAABWRAYAAgAAAAY0NC4yNzIA4GuGKRcp3wjJiDFoFynfCCNDSVEuSVFUNDYyMDM3MTQuSVFfQ0RTX01JRC4wNi8xMC8yNgEAAABfBTUAAgAAAAc3My4wMjY0AMgdhikXKd8IpnwuaBcp3wgkQ0lRLklRVDUyODkzNjgxMi5JUV9DRFNfTUlELjA2LzEwLzI2AQAAAGxbBgACAAAABzU1LjM4ODIA4GuGKRcp3wimfC5oFynfCCNDSVEuSVFUNDYxOTcxMzguSVFfQ0RTX01JRC4wNC8xMC8yNgEAAADulDgBAgAAAAgxMzIuNzg2MwD59oUpFynfCDziKWgXKd8II0NJUS5JUVQ0NjIwNDk1Ny5JUV9DRFNfTUlELjA0LzEwLzI2AQAAACEVBgACAAAABzYyLjA4NzEAykSGKRcp3wiwuStoFynfCCNDSVEuSVFUNjIyNzAxMDYuSVFfQ0RTX01JRC4wNC8xMC8yNgEAAACtd4MAAgAAAAc3NC43NTYz | BM1: AMLJLSkXKd8IsLkraBcp3wgjQ0lRLklRVDQ2MjAzMzMyLklRX0NEU19NSUQuMDUvMTAvMjYBAAAAXx43AAIAAAAEMTMuNQDIHYYpFynfCDziKWgXKd8II0NJUS5JUVQ0NjIxNTExMS5JUV9DRFNfTUlELjA1LzEwLzI2AQAAAKBLsgECAAAABzM2LjkzMTgAykSGKRcp3wg84iloFynfCCNDSVEuSVFUNDYxOTk4NDEuSVFfQ0RTX01JRC4xMS8xMC8yNgEAAADrMAYAAwAAAAAA4GuGKRcp3wgHfCZoFynfCCRDSVEuSVFUMzEzMzEwMTg0LklRX0NEU19NSUQuMTAvMTAvMjYBAAAAYEQ+AAIAAAAHMTMuOTY0NQD59oUpFynfCIkvJ2gXKd8II0NJUS5JUVQ0NjIxNDg3OS5JUV9DRFNfTUlELjEwLzEwLzI2AQAAAPUaNwACAAAABzU2LjI1NjIAyB2GKRcp3wiJLydoFynfCCNDSVEuSVFUNDY0NzA4NzcuSVFfQ0RTX01JRC4xMC8xMC8yNgEAAABCNwcAAgAAAAc2NC4wNjIzAMpEhikXKd8IiS8naBcp3wgkQ0lRLklRVDMxMzMxMDg1NC5JUV9DRFNfTUlELjEwLzEwLzI2AQAAAK9UDQACAAAABTYyLjc2AMLJLSkXKd8IiS8naBcp3wgjQ0lRLklRVDQ2MjE0OTU0LklRX0NEU19NSUQuMDkvMTAvMjYBAAAAOj05AQIAAAAEMjMuNgDIHYYpFynfCOhfKGgXKd8II0NJUS5JUVQ0NjIwODYzNC5JUV9DRFNfTUlELjA5LzEwLzI2AQAAAAMfwgACAAAABzIzLjUzMTMAykSGKRcp3wjoXyhoFynfCCNDSVEuSVFUNDYyMjUwODMuSVFf | BN1: Q0RTX01JRC4wOS8xMC8yNgEAAABWRAYAAgAAAAc0NC4xNDAxAOBrhikXKd8I6F8oaBcp3wgjQ0lRLklRVDQ2MjAzNzE0LklRX0NEU19NSUQuMDMvMTAvMjYBAAAAXwU1AAIAAAAHODQuMTg2MQDIHYYpFynfCLC5K2gXKd8II0NJUS5JUVQ3OTYzOTk1My5JUV9DRFNfTUlELjAzLzEwLzI2AQAAADSbVgECAAAABzIxLjkzOTEAykSGKRcp3wiwuStoFynfCCRDSVEuSVFUNTI4OTM2ODEyLklRX0NEU19NSUQuMDMvMTAvMjYBAAAAbFsGAAIAAAAHNTcuNTIzOQDga4YpFynfCFPzLGgXKd8II0NJUS5JUVQ0NjE5NzEzOC5JUV9DRFNfTUlELjAyLzEwLzI2AQAAAO6UOAECAAAACDEzMi43ODYzAPn2hSkXKd8IU/MsaBcp3wgjQ0lRLklRVDUxMDIzNDgwLklRX0NEU19NSUQuMDIvMTAvMjYBAAAAwkXxAQIAAAAGNy4xOTc1AMgdhikXKd8IU/MsaBcp3wgjQ0lRLklRVDQ2MjA0OTU3LklRX0NEU19NSUQuMDIvMTAvMjYBAAAAIRUGAAIAAAAHNjIuMDg3MQDKRIYpFynfCFPzLGgXKd8II0NJUS5JUVQ2MjI3MDEwNi5JUV9DRFNfTUlELjAyLzEwLzI2AQAAAK13gwACAAAABzc0Ljc1NjMAwsktKRcp3whlLi5oFynfCCNDSVEuSVFUNzk2NDAwMjQuSVFfQ0RTX01JRC4wMS8xMC8yNgEAAAA1j5sBAgAAAAcxMi4yMDA2AMgdhikXKd8IiwozaBcp3wgkQ0lRLklRVDMxMzMwNTg3OS5JUV9DRFNfTUlELjAxLzEwLzI2AQAAAITW | BO1: 3AECAAAABjIuMjkzOQDKRIYpFynfCIsKM2gXKd8II0NJUS5JUVQ0NjIwMDQxMi5JUV9DRFNfTUlELjAxLzEwLzI2AQAAAGNDBgACAAAABzU2LjUxODMA4GuGKRcp3wiLCjNoFynfCCNDSVEuSVFUNDYyMDMzMzIuSVFfQ0RTX01JRC4zMC8wOS8yNgEAAABfHjcAAgAAAAcxMi4zMzMzAMgdhikXKd8InMwwaBcp3wgjQ0lRLklRVDQ2MjE1MTExLklRX0NEU19NSUQuMzAvMDkvMjYBAAAAoEuyAQIAAAAHMzUuMTgyMwDKRIYpFynfCMmIMWgXKd8II0NJUS5JUVQ0NjIyNjEzMi5JUV9DRFNfTUlELjMwLzA5LzI2AQAAAN1ZAAACAAAABzYzLjYzOTIA4GuGKRcp3wjJiDFoFynfCCRDSVEuSVFUMzEzMzEzNTI0LklRX0NEU19NSUQuMzAvMDkvMjYBAAAA71UNAAIAAAAHNTUuOTIyNwDC8C0pFynfCMmIMWgXKd8II0NJUS5JUVQ0NjIyNDc0MC5JUV9DRFNfTUlELjA3LzEwLzI2AQAAANNyCAACAAAABTU5Ljg4AOBrhikXKd8IyYgxaBcp3wgjQ0lRLklRVDQ2MTk1NDkxLklRX0NEU19NSUQuMDYvMTAvMjYBAAAAaUoAAAIAAAAHNjIuMjAxNQDKRIYpFynfCKZ8LmgXKd8II0NJUS5JUVQ0NjIwNzU3MS5JUV9DRFNfTUlELjA0LzEwLzI2AQAAAG3vNQACAAAABzcyLjQ1ODEAyB2GKRcp3wg84iloFynfCCNDSVEuSVFUNDYyMjIyOTIuSVFfQ0RTX01JRC4xMy8wNy8yNgEAAADRkZsBAgAAAAg3NjAuNDQ3MwDKRIYpFynfCCn+ | BP1: L2gXKd8II0NJUS5JUVQ0NjIyMDMyOS5JUV9DRFNfTUlELjEzLzA3LzI2AQAAANtbAAACAAAABDU2LjUAwvAtKRcp3wiczDBoFynfCCNDSVEuSVFUNDYyNjIzNzguSVFfQ0RTX01JRC4wNS8xMC8yNgEAAABA0okBAgAAAAcyNi45NjYyAMgdhikXKd8IPOIpaBcp3wgjQ0lRLklRVDYyMjcwMTA3LklRX0NEU19NSUQuMDUvMTAvMjYBAAAAFVkAAAIAAAAHNDMuNTUxMwDga4YpFynfCDziKWgXKd8II0NJUS5JUVQ0NjIxMDAzMi5JUV9DRFNfTUlELjI5LzA5LzI2AQAAAI9VowECAAAABzM1LjM4NzQAykSGKRcp3wimfC5oFynfCCNDSVEuSVFUNDk3NTExOTYuSVFfQ0RTX01JRC4xMy8xMC8yNQEAAADNmb0AAgAAAAQ0MS41AMgdhikXKd8IiwozaBcp3wgjQ0lRLklRVDYwMzg5NTE2LklRX0NEU19NSUQuMTMvMTAvMjUBAAAApfDDAQIAAAAFOC41MDIAykSGKRcp3wiLCjNoFynfCCRDSVEuSVFUMzIzNjgwMTMwLklRX0NEU19NSUQuMTMvMTAvMjUBAAAAceECAAIAAAAHNTMuODkyOADga4YpFynfCHOPNGgXKd8IJENJUS5JUVQ2NDQ3MDE3OTcuSVFfQ0RTX01JRC4wNC8xMC8yNgEAAABTP30BAgAAAAcxMC45NTcyAMgdhikXKd8IPOIpaBcp3wgjQ0lRLklRVDQ2MTk2MjI1LklRX0NEU19NSUQuMTMvMDcvMjYBAAAAvlWjAQIAAAAHMTcuMzMzMwDIHYYpFynfCCn+L2gXKd8II0NJUS5JUVQ0NjIyNDc0MC5JUV9DRFNf | BQ1: TUlELjEzLzA3LzI2AQAAANNyCAACAAAABjMzLjcyNQDga4YpFynfCJzMMGgXKd8IJENJUS5JUVQzMTMzMTczNDQuSVFfQ0RTX01JRC4xMy8wNy8yNgEAAADxrAEAAgAAAAc2MC41MDIzAMLwLSkXKd8InMwwaBcp3wgjQ0lRLklRVDQ2MTk1NDkxLklRX0NEU19NSUQuMDUvMTAvMjYBAAAAaUoAAAIAAAAGNjMuMjI2AMpEhikXKd8IPOIpaBcp3wgjQ0lRLklRVDQ2MjA3NTcxLklRX0NEU19NSUQuMjkvMDkvMjYBAAAAbe81AAIAAAAHNDguODY0MwDIHYYpFynfCKZ8LmgXKd8II0NJUS5JUVQ0NjE5NDk5NS5JUV9DRFNfTUlELjEzLzEwLzI1AQAAAG4QMQACAAAABzE0Ljc0MzgAyB2GKRcp3wiLCjNoFynfCCNDSVEuSVFUNDYyMjUwMDYuSVFfQ0RTX01JRC4xMy8xMC8yNQEAAAD4VQ0AAgAAAAc0OC4zMjY2AOBrhikXKd8Ic480aBcp3wgjQ0lRLklRVDQ2MjI0NzQwLklRX0NEU19NSUQuMTMvMTAvMjUBAAAA03IIAAIAAAAHNDYuMTk4NwDga4YpFynfCHOPNGgXKd8II0NJUS5JUVQ0NjE5NjIyNS5JUV9DRFNfTUlELjAyLzEwLzI2AQAAAL5VowECAAAABTI3Ljk2AMgdhikXKd8IU/MsaBcp3wgjQ0lRLklRVDQ2MjAwMjc2LklRX0NEU19NSUQuMDEvMTAvMjYBAAAAlnd8AQIAAAAHMzIuOTk3MQDIHYYpFynfCIsKM2gXKd8II0NJUS5JUVQ0NjI2MjM3OC5JUV9DRFNfTUlELjA4LzEwLzI2AQAAAEDSiQECAAAABzI2 | BR1: LjkwMjMAyB2GKRcp3whhSCloFynfCCNDSVEuSVFUNDYyMDczMDguSVFfQ0RTX01JRC4wNy8xMC8yNgEAAAA5iXoBAgAAAAcxNy4zMzMzAMgdhikXKd8IyYgxaBcp3wgjQ0lRLklRVDYwMzg5NTE2LklRX0NEU19NSUQuMDYvMTAvMjYBAAAApfDDAQIAAAAGNy4zMDc0AMpEhikXKd8IpnwuaBcp3wgkQ0lRLklRVDMxMzMxNTQyOS5JUV9DRFNfTUlELjA2LzEwLzI2AQAAADnnBQACAAAABzYyLjYyODgAwvAtKRcp3wimfC5oFynfCCNDSVEuSVFUNDYyMDc3ODkuSVFfQ0RTX01JRC4xMy8wNy8yNgEAAAAqWKMBAgAAAAcyNi42NzkxAMpEhikXKd8Ik6QwaBcp3wgjQ0lRLklRVDQ2MjEwNTYwLklRX0NEU19NSUQuMDUvMTAvMjYBAAAA9ho3AAIAAAAHOTguOTU5OQDIHYYpFynfCDziKWgXKd8II0NJUS5JUVQ0NjIxODUxNi5JUV9DRFNfTUlELjI5LzA5LzI2AQAAAKZVowECAAAABzQxLjYyMDcAyB2GKRcp3wimfC5oFynfCCNDSVEuSVFUNDYyMjA4MDMuSVFfQ0RTX01JRC4yOS8wOS8yNgEAAADWyTYAAgAAAAQ0MC41AMpEhikXKd8IpnwuaBcp3wgkQ0lRLklRVDUyODkzNjgxMi5JUV9DRFNfTUlELjEwLzEwLzI2AQAAAGxbBgACAAAABzU3LjI0NzgA4GuGKRcp3wiJLydoFynfCCNDSVEuSVFUNDYyMDMzMzIuSVFfQ0RTX01JRC4wMi8xMC8yNgEAAABfHjcAAgAAAAcxMy4xODk4AMgdhikXKd8IU/MsaBcp3wgjQ0lR | BS1: LklRVDQ2MjE1MTExLklRX0NEU19NSUQuMDIvMTAvMjYBAAAAoEuyAQIAAAAHMzYuODcyNgDKRIYpFynfCFPzLGgXKd8II0NJUS5JUVQ0NjIyNTAwNi5JUV9DRFNfTUlELjA2LzEwLzI2AQAAAPhVDQACAAAABzYyLjI4NDIA4GuGKRcp3wimfC5oFynfCCNDSVEuSVFUNDk3NTExOTYuSVFfQ0RTX01JRC4wNS8xMC8yNgEAAADNmb0AAgAAAAc0Mi45NTgzAMgdhikXKd8IPOIpaBcp3wgjQ0lRLklRVDQ2MjE4Njc0LklRX0NEU19NSUQuMjkvMDkvMjYBAAAAV8o2AAIAAAAIMTMyLjI2NzQAykSGKRcp3wimfC5oFynfCCNDSVEuSVFUNDYyMDQ4ODQuSVFfQ0RTX01JRC4xMy8xMC8yNQEAAACBUcABAgAAAAY0MC41MTQAyB2GKRcp3wiLCjNoFynfCCRDSVEuSVFUMjg2MDk2MTMxLklRX0NEU19NSUQuMTMvMTAvMjUBAAAAO/EEAAIAAAAHNzIuMDAwOQDga4YpFynfCEzeNGgXKd8II0NJUS5JUVQ3OTYzNDkwMS5JUV9DRFNfTUlELjA0LzEwLzI2AQAAAJwGEAACAAAABzU2LjQ5ODMA4GuGKRcp3wiwuStoFynfCCNDSVEuSVFUNDYyNjIzNzguSVFfQ0RTX01JRC4yOS8wOS8yNgEAAABA0okBAgAAAAcyMS4yNzM1AMgdhikXKd8IpnwuaBcp3wgjQ0lRLklRVDQ2MjE1MTExLklRX0NEU19NSUQuMDYvMTAvMjYBAAAAoEuyAQIAAAAGMzYuNDM0AMpEhikXKd8IpnwuaBcp3wgjQ0lRLklRVDQ2MjAwMzE3LklRX0NEU19NSUQu | BT1: MDQvMTAvMjYBAAAA/lQNAAIAAAAHNzAuMjA0NgDCyS0pFynfCLC5K2gXKd8IJENJUS5JUVQyNTQ5NTUyMzMuSVFfQ0RTX01JRC4xMy8wNy8yNgEAAAA5VgoAAgAAAAQ0My4xAOBrhikXKd8InMwwaBcp3wgjQ0lRLklRVDQ2MjI0NzQwLklRX0NEU19NSUQuMDUvMTAvMjYBAAAA03IIAAIAAAAHNjIuMzk3MgDga4YpFynfCDziKWgXKd8II0NJUS5JUVQ0NjE5NTQ5MS5JUV9DRFNfTUlELjI5LzA5LzI2AQAAAGlKAAACAAAABjYxLjk4NADKRIYpFynfCKZ8LmgXKd8II0NJUS5JUVQ0NjIxMzQ3Mi5JUV9DRFNfTUlELjEzLzEwLzI1AQAAALlaOAACAAAABzEzLjc1NDUAykSGKRcp3whzjzRoFynfCCRDSVEuSVFUMzIzNjgwMTMwLklRX0NEU19NSUQuMDkvMTAvMjYBAAAAceECAAIAAAAHNTUuMzg5OQDKRIYpFynfCOhfKGgXKd8II0NJUS5JUVQ0NjIxODY3NC5JUV9DRFNfTUlELjAzLzEwLzI2AQAAAFfKNgACAAAACDE0My42NzczAMpEhikXKd8IsLkraBcp3wgjQ0lRLklRVDQ2MjI1NzE1LklRX0NEU19NSUQuMDMvMTAvMjYBAAAAt+UEAAIAAAAHNDMuMDEzNQDga4YpFynfCFPzLGgXKd8IJENJUS5JUVQyODYwOTYxMzEuSVFfQ0RTX01JRC4xMS8xMC8yNgEAAAA78QQAAgAAAAc3Mi40NzI1AOBrhikXKd8IB3wmaBcp3wgjQ0lRLklRVDQ2MjEwNTYwLklRX0NEU19NSUQuMTAvMTAvMjYBAAAA9ho3AAIAAAAHOTIu | BU1: NzM4NwDIHYYpFynfCIkvJ2gXKd8II0NJUS5JUVQ0NjIxOTkyMi5JUV9DRFNfTUlELjEwLzEwLzI2AQAAANZHOQECAAAABjkuNTEzMwDIHYYpFynfCIkvJ2gXKd8II0NJUS5JUVQ0NjIyMzY0Ni5JUV9DRFNfTUlELjEwLzEwLzI2AQAAABt4BAACAAAABzU2LjUzNDIAykSGKRcp3wiJLydoFynfCCRDSVEuSVFUMzEzMzE0OTc2LklRX0NEU19NSUQuMTAvMTAvMjYBAAAAbUoAAAIAAAAHNTQuNDE5MQDC8C0pFynfCIkvJ2gXKd8II0NJUS5JUVQ0NjIxODUxNi5JUV9DRFNfTUlELjA5LzEwLzI2AQAAAKZVowECAAAABzQ0LjUxNjUAyB2GKRcp3wjoXyhoFynfCCNDSVEuSVFUNDYyMjA4MDMuSVFfQ0RTX01JRC4wOS8xMC8yNgEAAADWyTYAAgAAAAczOS42MjM0AMpEhikXKd8I6F8oaBcp3wgjQ0lRLklRVDQ2MjAwMzY0LklRX0NEU19NSUQuMDkvMTAvMjYBAAAAV4YIAAIAAAAHMzAuNDU4MwDga4YpFynfCOhfKGgXKd8II0NJUS5JUVQ0NjIwNDMwMC5JUV9DRFNfTUlELjAzLzEwLzI2AQAAAPYlfQACAAAABDEyLjUAyB2GKRcp3wiwuStoFynfCCNDSVEuSVFUNjAzODgwNTcuSVFfQ0RTX01JRC4wMy8xMC8yNgEAAADfyX0BAwAAAAAAykSGKRcp3wiwuStoFynfCCNDSVEuSVFUNDYxOTk4NDEuSVFfQ0RTX01JRC4wMy8xMC8yNgEAAADrMAYAAwAAAAAA4GuGKRcp3whT8yxoFynfCCRDSVEuSVFUMzEzMzEwMTg0LklR | BV1: X0NEU19NSUQuMDIvMTAvMjYBAAAAYEQ+AAIAAAAHMTIuNDA5OQDIHYYpFynfCFPzLGgXKd8II0NJUS5JUVQ0NjIxNDg3OS5JUV9DRFNfTUlELjAyLzEwLzI2AQAAAPUaNwACAAAABzU2LjgzMzgAyB2GKRcp3whT8yxoFynfCCNDSVEuSVFUNDY0NzA4NzcuSVFfQ0RTX01JRC4wMi8xMC8yNgEAAABCNwcAAgAAAAc2NC4yNjc1AMpEhikXKd8IU/MsaBcp3wgkQ0lRLklRVDMxMzMxMDg1NC5JUV9DRFNfTUlELjAyLzEwLzI2AQAAAK9UDQACAAAABzY0LjM4NjcAwvAtKRcp3whlLi5oFynfCCNDSVEuSVFUNDYyMTQ5NTQuSVFfQ0RTX01JRC4wMS8xMC8yNgEAAAA6PTkBAgAAAAcxOS42NjQ2AMgdhikXKd8IiwozaBcp3wgjQ0lRLklRVDQ2MjA4NjM0LklRX0NEU19NSUQuMDEvMTAvMjYBAAAAAx/CAAIAAAAHMjMuNTkxMgDKRIYpFynfCIsKM2gXKd8II0NJUS5JUVQ0NjIyNTA4My5JUV9DRFNfTUlELjAxLzEwLzI2AQAAAFZEBgACAAAABzQzLjU5MDIA4GuGKRcp3wiLCjNoFynfCCNDSVEuSVFUNDYyMDM3MTQuSVFfQ0RTX01JRC4zMC8wOS8yNgEAAABfBTUAAgAAAAc3MC4yMjU4AMgdhikXKd8InMwwaBcp3wgjQ0lRLklRVDc5NjM5OTUzLklRX0NEU19NSUQuMzAvMDkvMjYBAAAANJtWAQIAAAAHMjEuMzk4NQDKRIYpFynfCMmIMWgXKd8IJENJUS5JUVQ1Mjg5MzY4MTIuSVFfQ0RTX01JRC4zMC8wOS8yNgEAAABs | BW1: WwYAAgAAAAc1NC44NTk0AOBrhikXKd8IyYgxaBcp3wgjQ0lRLklRVDc5NjQwMDI0LklRX0NEU19NSUQuMDgvMTAvMjYBAAAANY+bAQIAAAAGMTMuODc1AMgdhikXKd8IYUgpaBcp3wgkQ0lRLklRVDMxMzMwNTg3OS5JUV9DRFNfTUlELjA4LzEwLzI2AQAAAITW3AECAAAABjIuMjkzOQDKRIYpFynfCGFIKWgXKd8II0NJUS5JUVQ0NjIwMDQxMi5JUV9DRFNfTUlELjA4LzEwLzI2AQAAAGNDBgACAAAABzU3LjQ5MzUA4GuGKRcp3wg84iloFynfCCNDSVEuSVFUNDYyMDMzMzIuSVFfQ0RTX01JRC4wNy8xMC8yNgEAAABfHjcAAgAAAAcxMy42MzY3AMgdhikXKd8IyYgxaBcp3wgjQ0lRLklRVDQ2MjE1MTExLklRX0NEU19NSUQuMDcvMTAvMjYBAAAAoEuyAQIAAAAHMzYuMDU2NADKRIYpFynfCMmIMWgXKd8II0NJUS5JUVQ0NjIyNjEzMi5JUV9DRFNfTUlELjA3LzEwLzI2AQAAAN1ZAAACAAAABzY4Ljg1NDgA4GuGKRcp3wjJiDFoFynfCCRDSVEuSVFUMzEzMzEzNTI0LklRX0NEU19NSUQuMDcvMTAvMjYBAAAA71UNAAIAAAAHNTUuNzE5MQDC8C0pFynfCIsKM2gXKd8II0NJUS5JUVQ3OTYzOTkxMy5JUV9DRFNfTUlELjA2LzEwLzI2AQAAACBjHAICAAAABDkuNzEAyB2GKRcp3wimfC5oFynfCCNDSVEuSVFUNDYyMDc4NzIuSVFfQ0RTX01JRC4wNi8xMC8yNgEAAABYDQoAAgAAAAc0My40ODU5AMpEhikXKd8Ipnwu | BX1: aBcp3wgjQ0lRLklRVDQ2MjAwMzE3LklRX0NEU19NSUQuMDYvMTAvMjYBAAAA/lQNAAIAAAAHNzAuMjQ5NwDCyS0pFynfCKZ8LmgXKd8II0NJUS5JUVQ3OTY0MDAyNC5JUV9DRFNfTUlELjAzLzEwLzI2AQAAADWPmwECAAAABzEzLjEyMDcAyB2GKRcp3wiwuStoFynfCCRDSVEuSVFUMzEzMzEzNTI0LklRX0NEU19NSUQuMDIvMTAvMjYBAAAA71UNAAIAAAAHNTQuODA4NQDC8C0pFynfCGUuLmgXKd8II0NJUS5JUVQ0NjIwNzg3Mi5JUV9DRFNfTUlELjAxLzEwLzI2AQAAAFgNCgACAAAABjQzLjgyMgDKRIYpFynfCIsKM2gXKd8II0NJUS5JUVQ0NjIwMDMxNy5JUV9DRFNfTUlELjAxLzEwLzI2AQAAAP5UDQACAAAABzY5Ljk4MzEAwsktKRcp3wiLCjNoFynfCCRDSVEuSVFUMjU0OTU1MjMzLklRX0NEU19NSUQuMzAvMDkvMjYBAAAAOVYKAAIAAAAHNTAuMzExNgDga4YpFynfCMmIMWgXKd8II0NJUS5JUVQ3OTYzNDkwMS5JUV9DRFNfTUlELjA4LzEwLzI2AQAAAJwGEAACAAAABzU2LjUyMDMA4GuGKRcp3wg84iloFynfCCNDSVEuSVFUNDYyNjIzNzguSVFfQ0RTX01JRC4wNC8xMC8yNgEAAABA0okBAgAAAAcyNi43OTgzAMgdhikXKd8IPOIpaBcp3wgjQ0lRLklRVDQ2MjEwMDMyLklRX0NEU19NSUQuMTMvMDcvMjYBAAAAj1WjAQIAAAAHMzYuODg3MwDKRIYpFynfCJOkMGgXKd8II0NJUS5JUVQ0OTc1MTE5Ni5J | BY1: UV9DRFNfTUlELjA5LzEwLzI2AQAAAM2ZvQACAAAABzQyLjE0NDQAyB2GKRcp3wiJLydoFynfCCNDSVEuSVFUNDYyMjUzNzQuSVFfQ0RTX01JRC4xMS8xMC8yNgEAAAC11gUAAgAAAAc0OC40MzU2AOBrhikXKd8IB3wmaBcp3wgjQ0lRLklRVDQ5NzUxMTk2LklRX0NEU19NSUQuMTAvMTAvMjYBAAAAzZm9AAIAAAAHNDIuMTQ0NADIHYYpFynfCIkvJ2gXKd8II0NJUS5JUVQ2MDM4OTUxNi5JUV9DRFNfTUlELjEwLzEwLzI2AQAAAKXwwwECAAAABjcuMzQ2MgDIHYYpFynfCIkvJ2gXKd8IJENJUS5JUVQzMjM2ODAxMzAuSVFfQ0RTX01JRC4xMC8xMC8yNgEAAABx4QIAAgAAAAc1NS4zODk5AMpEhikXKd8IiS8naBcp3wgkQ0lRLklRVDMxMzMxNTQyOS5JUV9DRFNfTUlELjEwLzEwLzI2AQAAADnnBQACAAAABzYzLjE3MDkAwvAtKRcp3wiJLydoFynfCCNDSVEuSVFUNDYyMDY3NzkuSVFfQ0RTX01JRC4wOS8xMC8yNgEAAAD87zYAAgAAAAcyOS42NDY2AMgdhikXKd8I6F8oaBcp3wgjQ0lRLklRVDQ2MjE4Njc0LklRX0NEU19NSUQuMDkvMTAvMjYBAAAAV8o2AAIAAAAIMTM1LjE3NzMAykSGKRcp3wjoXyhoFynfCCNDSVEuSVFUNDYyMjU3MTUuSVFfQ0RTX01JRC4wOS8xMC8yNgEAAAC35QQAAgAAAAc0My41NzY0AOBrhikXKd8I6F8oaBcp3wgjQ0lRLklRVDQ2MjA0ODg0LklRX0NEU19NSUQuMDMvMTAvMjYBAAAA | BZ1: gVHAAQIAAAAHNDYuMjI3MgDIHYYpFynfCLC5K2gXKd8II0NJUS5JUVQ0NjIwNzc4OS5JUV9DRFNfTUlELjAzLzEwLzI2AQAAACpYowECAAAABzI4LjkzODYAykSGKRcp3wiwuStoFynfCCRDSVEuSVFUMjg2MDk2MTMxLklRX0NEU19NSUQuMDMvMTAvMjYBAAAAO/EEAAIAAAAHNzMuMzI1NwDga4YpFynfCFPzLGgXKd8II0NJUS5JUVQ0NjIxMDU2MC5JUV9DRFNfTUlELjAyLzEwLzI2AQAAAPYaNwACAAAACDEwMC45OTgyAMgdhikXKd8IU/MsaBcp3wgjQ0lRLklRVDQ2MjE5OTIyLklRX0NEU19NSUQuMDIvMTAvMjYBAAAA1kc5AQIAAAAFOC45NzUAyB2GKRcp3whT8yxoFynfCCNDSVEuSVFUNDYyMjM2NDYuSVFfQ0RTX01JRC4wMi8xMC8yNgEAAAAbeAQAAgAAAAc1Ni42NTg0AMpEhikXKd8IU/MsaBcp3wgkQ0lRLklRVDMxMzMxNDk3Ni5JUV9DRFNfTUlELjAyLzEwLzI2AQAAAG1KAAACAAAABzUzLjg5NTcAwvAtKRcp3whlLi5oFynfCCNDSVEuSVFUNDYyMTg1MTYuSVFfQ0RTX01JRC4wMS8xMC8yNgEAAACmVaMBAgAAAAc0My42ODQ5AMgdhikXKd8IiwozaBcp3wgjQ0lRLklRVDQ2MjIwODAzLklRX0NEU19NSUQuMDEvMTAvMjYBAAAA1sk2AAIAAAAHNDAuNTA1MwDKRIYpFynfCIsKM2gXKd8II0NJUS5JUVQ0NjIwMDM2NC5JUV9DRFNfTUlELjAxLzEwLzI2AQAAAFeGCAACAAAABzI5Ljc4MTgA4GuGKRcp | CA1: 3wiLCjNoFynfCCNDSVEuSVFUNDYyMDQzMDAuSVFfQ0RTX01JRC4zMC8wOS8yNgEAAAD2JX0AAgAAAAUxMC4xMwDIHYYpFynfCJzMMGgXKd8II0NJUS5JUVQ2MDM4ODA1Ny5JUV9DRFNfTUlELjMwLzA5LzI2AQAAAN/JfQEDAAAAAADKRIYpFynfCMmIMWgXKd8II0NJUS5JUVQ0NjE5OTg0MS5JUV9DRFNfTUlELjMwLzA5LzI2AQAAAOswBgADAAAAAADga4YpFynfCMmIMWgXKd8II0NJUS5JUVQ0NjIxNDk1NC5JUV9DRFNfTUlELjA4LzEwLzI2AQAAADo9OQECAAAABzIzLjg2NDIAyB2GKRcp3whhSCloFynfCCNDSVEuSVFUNDYyMDg2MzQuSVFfQ0RTX01JRC4wOC8xMC8yNgEAAAADH8IAAgAAAAYyMy43MDEAykSGKRcp3whhSCloFynfCCNDSVEuSVFUNDYyMjUwODMuSVFfQ0RTX01JRC4wOC8xMC8yNgEAAABWRAYAAgAAAAY0NC42MjUA4GuGKRcp3wg84iloFynfCCNDSVEuSVFUNDYyMDM3MTQuSVFfQ0RTX01JRC4wNy8xMC8yNgEAAABfBTUAAgAAAAc3OS42NTM4AMgdhikXKd8IyYgxaBcp3wgjQ0lRLklRVDc5NjM5OTUzLklRX0NEU19NSUQuMDcvMTAvMjYBAAAANJtWAQIAAAAHMjIuMDU2OQDKRIYpFynfCMmIMWgXKd8IJENJUS5JUVQ1Mjg5MzY4MTIuSVFfQ0RTX01JRC4wNy8xMC8yNgEAAABsWwYAAgAAAAc1Ni45ODQzAOBrhikXKd8IyYgxaBcp3wgjQ0lRLklRVDQ2MTk3MTM4LklRX0NEU19NSUQuMDYv | CB1: MTAvMjYBAAAA7pQ4AQIAAAAIMTA3LjgwMTYA+faFKRcp3whlLi5oFynfCCNDSVEuSVFUNTEwMjM0ODAuSVFfQ0RTX01JRC4wNi8xMC8yNgEAAADCRfEBAgAAAAY3LjQ0ODMAyB2GKRcp3wimfC5oFynfCCNDSVEuSVFUNDYyMDQ5NTcuSVFfQ0RTX01JRC4wNi8xMC8yNgEAAAAhFQYAAgAAAAc2MS4yMTM4AMpEhikXKd8IpnwuaBcp3wgjQ0lRLklRVDYyMjcwMTA2LklRX0NEU19NSUQuMDYvMTAvMjYBAAAArXeDAAIAAAAHNzQuNzU2OADCyS0pFynfCKZ8LmgXKd8II0NJUS5JUVQ3OTY0MDAyNC5JUV9DRFNfTUlELjA0LzEwLzI2AQAAADWPmwECAAAABzEzLjEyMDcAyB2GKRcp3wg84iloFynfCCRDSVEuSVFUMzEzMzA1ODc5LklRX0NEU19NSUQuMDQvMTAvMjYBAAAAhNbcAQIAAAAGMi4yOTM5AMpEhikXKd8IUnQraBcp3wgjQ0lRLklRVDQ2MjAwNDEyLklRX0NEU19NSUQuMDQvMTAvMjYBAAAAY0MGAAIAAAAFNTYuODkA4GuGKRcp3wiwuStoFynfCCNDSVEuSVFUNDYyMDMzMzIuSVFfQ0RTX01JRC4xMy8wNy8yNgEAAABfHjcAAgAAAAcxMS4zNzU0AMgdhikXKd8IKf4vaBcp3wgjQ0lRLklRVDQ2MjE1MTExLklRX0NEU19NSUQuMTMvMDcvMjYBAAAAoEuyAQIAAAAHMzcuMzk4OQDKRIYpFynfCJOkMGgXKd8II0NJUS5JUVQ0NjIyNjEzMi5JUV9DRFNfTUlELjEzLzA3LzI2AQAAAN1ZAAACAAAABTQxLjg2AOBr | CC1: hikXKd8InMwwaBcp3wgkQ0lRLklRVDMxMzMxMzUyNC5JUV9DRFNfTUlELjEzLzA3LzI2AQAAAO9VDQACAAAABzYwLjQ4MDEAwvAtKRcp3wiczDBoFynfCCNDSVEuSVFUNzk2Mzk5MTMuSVFfQ0RTX01JRC4wNS8xMC8yNgEAAAAgYxwCAgAAAAY5Ljg3MjUAyB2GKRcp3wg84iloFynfCCNDSVEuSVFUNDYyMDc4NzIuSVFfQ0RTX01JRC4wNS8xMC8yNgEAAABYDQoAAgAAAAc0NC4yMDY5AMpEhikXKd8IPOIpaBcp3wgjQ0lRLklRVDQ2MjAwMzE3LklRX0NEU19NSUQuMDUvMTAvMjYBAAAA/lQNAAIAAAAHNjkuNjY5NADCyS0pFynfCDziKWgXKd8IJENJUS5JUVQ2NDQ3MDE3OTcuSVFfQ0RTX01JRC4yOS8wOS8yNgEAAABTP30BAgAAAAcxMC40ODA0AMgdhikXKd8IpnwuaBcp3wgjQ0lRLklRVDQ2MjE2OTg2LklRX0NEU19NSUQuMjkvMDkvMjYBAAAAzkQ4AQMAAAAAAMpEhikXKd8IpnwuaBcp3wgkQ0lRLklRVDI1NDk1NTIzMy5JUV9DRFNfTUlELjI5LzA5LzI2AQAAADlWCgACAAAABzQ5LjQ4MzIA4GuGKRcp3wgp/i9oFynfCCNDSVEuSVFUNDYxOTYyMjUuSVFfQ0RTX01JRC4xMy8xMC8yNQEAAAC+VaMBAgAAAAcyMS44MjU4AMgdhikXKd8IiwozaBcp3wgjQ0lRLklRVDUxMDIzMjYwLklRX0NEU19NSUQuMTMvMTAvMjUBAAAAsRF/AQIAAAAHMTEuMzc3NgDKRIYpFynfCIsKM2gXKd8IJENJUS5JUVQyNjMyMTMx | CD1: MzIuSVFfQ0RTX01JRC4xMS8xMC8yNgEAAADhmggAAgAAAAc2Ny40MTI4AOBrhikXKd8I190maBcp3wgjQ0lRLklRVDQ2MTk0OTk1LklRX0NEU19NSUQuMTAvMTAvMjYBAAAAbhAxAAIAAAAHMTcuMDE5NgDIHYYpFynfCIkvJ2gXKd8II0NJUS5JUVQ0NjIyMjI5Mi5JUV9DRFNfTUlELjEwLzEwLzI2AQAAANGRmwECAAAACDc1NS4wODYxAMpEhikXKd8IiS8naBcp3wgjQ0lRLklRVDQ2MjI1MDA2LklRX0NEU19NSUQuMTAvMTAvMjYBAAAA+FUNAAIAAAAHNjIuNzAwNADga4YpFynfCIkvJ2gXKd8II0NJUS5JUVQ0NjIyMDMyOS5JUV9DRFNfTUlELjEwLzEwLzI2AQAAANtbAAACAAAABzYwLjMzMzMAwvAtKRcp3wiJLydoFynfCCNDSVEuSVFUNDYyNjIzNzguSVFfQ0RTX01JRC4wOS8xMC8yNgEAAABA0okBAgAAAAcyNi41OTE2AMgdhikXKd8I6F8oaBcp3wgjQ0lRLklRVDQ2MTk3Njk0LklRX0NEU19NSUQuMDkvMTAvMjYBAAAAB/oFAAIAAAAHNjEuNDU3MQDKRIYpFynfCOhfKGgXKd8II0NJUS5JUVQ2MjI3MDEwNy5JUV9DRFNfTUlELjA5LzEwLzI2AQAAABVZAAACAAAABzQ1LjAzOTMA4GuGKRcp3wjoXyhoFynfCCNDSVEuSVFUNDYyMDczMDguSVFfQ0RTX01JRC4wMy8xMC8yNgEAAAA5iXoBAgAAAAYxOS42MjUAyB2GKRcp3wiwuStoFynfCCNDSVEuSVFUNDYyMTAwMzIuSVFfQ0RTX01JRC4wMy8xMC8yNgEA | CE1: AACPVaMBAgAAAAczNS40NTg3AMpEhikXKd8IsLkraBcp3wgjQ0lRLklRVDQ2MjI1Mzc0LklRX0NEU19NSUQuMDMvMTAvMjYBAAAAtdYFAAIAAAAHNDkuNjYwNwDga4YpFynfCFPzLGgXKd8II0NJUS5JUVQ0OTc1MTE5Ni5JUV9DRFNfTUlELjAyLzEwLzI2AQAAAM2ZvQACAAAABzQyLjcwNDYAyB2GKRcp3whT8yxoFynfCCNDSVEuSVFUNjAzODk1MTYuSVFfQ0RTX01JRC4wMi8xMC8yNgEAAACl8MMBAgAAAAY3LjI5MjQAykSGKRcp3whT8yxoFynfCCRDSVEuSVFUMzIzNjgwMTMwLklRX0NEU19NSUQuMDIvMTAvMjYBAAAAceECAAIAAAAHNTguNTIxNADKRIYpFynfCFPzLGgXKd8IJENJUS5JUVQzMTMzMTU0MjkuSVFfQ0RTX01JRC4wMi8xMC8yNgEAAAA55wUAAgAAAAY2My44NzkAwvAtKRcp3whlLi5oFynfCCNDSVEuSVFUNDYyMDY3NzkuSVFfQ0RTX01JRC4wMS8xMC8yNgEAAAD87zYAAgAAAAcyNC42NjM0AMgdhikXKd8IiwozaBcp3wgjQ0lRLklRVDQ2MjE4Njc0LklRX0NEU19NSUQuMDEvMTAvMjYBAAAAV8o2AAIAAAAIMTQxLjk4OTQAykSGKRcp3wiLCjNoFynfCCNDSVEuSVFUNDYyMjU3MTUuSVFfQ0RTX01JRC4wMS8xMC8yNgEAAAC35QQAAgAAAAc0My4wODgzAOBrhikXKd8IiwozaBcp3wgjQ0lRLklRVDQ2MjA0ODg0LklRX0NEU19NSUQuMzAvMDkvMjYBAAAAgVHAAQIAAAAGNDAuMDc2AMgdhikX | CF1: Kd8InMwwaBcp3wgjQ0lRLklRVDQ2MjA3Nzg5LklRX0NEU19NSUQuMzAvMDkvMjYBAAAAKlijAQIAAAAGMjYuMjMyAMpEhikXKd8IyYgxaBcp3wgkQ0lRLklRVDI4NjA5NjEzMS5JUV9DRFNfTUlELjMwLzA5LzI2AQAAADvxBAACAAAABzY4LjMwNjQA4GuGKRcp3wjJiDFoFynfCCNDSVEuSVFUNDYyMTg1MTYuSVFfQ0RTX01JRC4wOC8xMC8yNgEAAACmVaMBAgAAAAc0NC40ODE0AMgdhikXKd8IYUgpaBcp3wgjQ0lRLklRVDQ2MjIwODAzLklRX0NEU19NSUQuMDgvMTAvMjYBAAAA1sk2AAIAAAAHNDAuMTI3OQDKRIYpFynfCGFIKWgXKd8II0NJUS5JUVQ0NjIwMDM2NC5JUV9DRFNfTUlELjA4LzEwLzI2AQAAAFeGCAACAAAABzMwLjg4MTMA4GuGKRcp3wg84iloFynfCCNDSVEuSVFUNDYyMDQzMDAuSVFfQ0RTX01JRC4wNy8xMC8yNgEAAAD2JX0AAgAAAAcxMi43MDk0AMgdhikXKd8IyYgxaBcp3wgjQ0lRLklRVDYwMzg4MDU3LklRX0NEU19NSUQuMDcvMTAvMjYBAAAA38l9AQMAAAAAAMpEhikXKd8IyYgxaBcp3wgjQ0lRLklRVDQ2MTk5ODQxLklRX0NEU19NSUQuMDcvMTAvMjYBAAAA6zAGAAMAAAAAAOBrhikXKd8IyYgxaBcp3wgkQ0lRLklRVDMxMzMxMDE4NC5JUV9DRFNfTUlELjA2LzEwLzI2AQAAAGBEPgACAAAABzEyLjYyOTgA+faFKRcp3whlLi5oFynfCCNDSVEuSVFUNDYyMTQ4NzkuSVFfQ0RTX01J | CG1: RC4wNi8xMC8yNgEAAAD1GjcAAgAAAAc1Ni4yMDQ5AMgdhikXKd8IpnwuaBcp3wgjQ0lRLklRVDQ2NDcwODc3LklRX0NEU19NSUQuMDYvMTAvMjYBAAAAQjcHAAIAAAAHNjMuMzU5OQDKRIYpFynfCKZ8LmgXKd8IJENJUS5JUVQzMTMzMTA4NTQuSVFfQ0RTX01JRC4wNi8xMC8yNgEAAACvVA0AAgAAAAc2Mi45Mzc1AMLwLSkXKd8IpnwuaBcp3wgjQ0lRLklRVDQ2MjE0OTU0LklRX0NEU19NSUQuMDQvMTAvMjYBAAAAOj05AQIAAAAHMjIuNjMyNgDIHYYpFynfCDziKWgXKd8II0NJUS5JUVQ0NjIwODYzNC5JUV9DRFNfTUlELjA0LzEwLzI2AQAAAAMfwgACAAAABzI0LjI1MTYAykSGKRcp3whSdCtoFynfCCNDSVEuSVFUNDYyMjUwODMuSVFfQ0RTX01JRC4wNC8xMC8yNgEAAABWRAYAAgAAAAc0My44ODczAOBrhikXKd8IsLkraBcp3wgjQ0lRLklRVDQ2MjAzNzE0LklRX0NEU19NSUQuMTMvMDcvMjYBAAAAXwU1AAIAAAAHMzAuODU4MQDIHYYpFynfCCn+L2gXKd8II0NJUS5JUVQ3OTYzOTk1My5JUV9DRFNfTUlELjEzLzA3LzI2AQAAADSbVgECAAAABjI0Ljg3OADKRIYpFynfCJOkMGgXKd8IJENJUS5JUVQ1Mjg5MzY4MTIuSVFfQ0RTX01JRC4xMy8wNy8yNgEAAABsWwYAAgAAAAc0Ni44NjQzAOBrhikXKd8InMwwaBcp3wgjQ0lRLklRVDQ2MTk3MTM4LklRX0NEU19NSUQuMDUvMTAvMjYBAAAA7pQ4AQIAAAAI | CH1: MTExLjI2NzkA+faFKRcp3wg84iloFynfCCNDSVEuSVFUNTEwMjM0ODAuSVFfQ0RTX01JRC4wNS8xMC8yNgEAAADCRfEBAgAAAAY3LjY2MDcAyB2GKRcp3wg84iloFynfCCNDSVEuSVFUNDYyMDQ5NTcuSVFfQ0RTX01JRC4wNS8xMC8yNgEAAAAhFQYAAgAAAAc2Mi4xODc1AMpEhikXKd8IPOIpaBcp3wgjQ0lRLklRVDYyMjcwMTA2LklRX0NEU19NSUQuMDUvMTAvMjYBAAAArXeDAAIAAAAHNzQuNzYyMgDCyS0pFynfCDziKWgXKd8II0NJUS5JUVQ3OTY0MDAyNC5JUV9DRFNfTUlELjI5LzA5LzI2AQAAADWPmwECAAAABzEwLjM5ODQAyB2GKRcp3wimfC5oFynfCCRDSVEuSVFUMzEzMzA1ODc5LklRX0NEU19NSUQuMjkvMDkvMjYBAAAAhNbcAQIAAAAGMi4yOTM5AMpEhikXKd8IpnwuaBcp3wgjQ0lRLklRVDQ2MjAwNDEyLklRX0NEU19NSUQuMjkvMDkvMjYBAAAAY0MGAAIAAAAHNTMuODMwMwDga4YpFynfCCn+L2gXKd8II0NJUS5JUVQ0NjIwMzMzMi5JUV9DRFNfTUlELjEzLzEwLzI1AQAAAF8eNwACAAAABzE1LjE2NjcAyB2GKRcp3wiLCjNoFynfCCNDSVEuSVFUNDYyMTUxMTEuSVFfQ0RTX01JRC4xMy8xMC8yNQEAAACgS7IBAgAAAAc0NC43MjA3AMpEhikXKd8IiwozaBcp3wgjQ0lRLklRVDQ2MjI2MTMyLklRX0NEU19NSUQuMTMvMTAvMjUBAAAA3VkAAAIAAAAHNTYuNTc3OQDga4YpFynfCHOPNGgXKd8I | CI1: JENJUS5JUVQzMTMzMTM1MjQuSVFfQ0RTX01JRC4xMy8xMC8yNQEAAADvVQ0AAgAAAAc1Mi42MzE2AMLwLSkXKd8ITN40aBcp3wgkQ0lRLklRVDMxMzMxMDE4NC5JUV9DRFNfTUlELjA1LzEwLzI2AQAAAGBEPgACAAAABzEyLjYzNjUA+faFKRcp3wg84iloFynfCCNDSVEuSVFUNDYyMTQ4NzkuSVFfQ0RTX01JRC4wNS8xMC8yNgEAAAD1GjcAAgAAAAc1Ny4wMTQ0AMgdhikXKd8IPOIpaBcp3wgjQ0lRLklRVDQ2NDcwODc3LklRX0NEU19NSUQuMDUvMTAvMjYBAAAAQjcHAAIAAAAHNjQuMDcxOADKRIYpFynfCDziKWgXKd8IJENJUS5JUVQzMTMzMTA4NTQuSVFfQ0RTX01JRC4wNS8xMC8yNgEAAACvVA0AAgAAAAY2My4zODUAwvAtKRcp3wg84iloFynfCCNDSVEuSVFUNDYyMTQ5NTQuSVFfQ0RTX01JRC4yOS8wOS8yNgEAAAA6PTkBAgAAAAcxNy44OTU3AMgdhikXKd8IpnwuaBcp3wgjQ0lRLklRVDQ2MjA4NjM0LklRX0NEU19NSUQuMjkvMDkvMjYBAAAAAx/CAAIAAAAGMjMuNjI1AMpEhikXKd8IpnwuaBcp3wgkQ0lRLklRVDI1NDk1NTIzMy5JUV9DRFNfTUlELjAzLzEwLzI2AQAAADlWCgACAAAABzU0LjAwMDcA4GuGKRcp3whT8yxoFynfCCRDSVEuSVFUMzEzMzE3MzQ0LklRX0NEU19NSUQuMDIvMTAvMjYBAAAA8awBAAIAAAAHNjEuNDg0MgDC8C0pFynfCGUuLmgXKd8II0NJUS5JUVQ3OTYzNDkwMS5JUV9D | CJ1: RFNfTUlELjAxLzEwLzI2AQAAAJwGEAACAAAABzU2LjE4MjkA4GuGKRcp3wiLCjNoFynfCCRDSVEuSVFUMjYzMjEzMTMyLklRX0NEU19NSUQuMzAvMDkvMjYBAAAA4ZoIAAIAAAAHNjUuNDY3OADga4YpFynfCMmIMWgXKd8II0NJUS5JUVQ0NjIyNTM3NC5JUV9DRFNfTUlELjA3LzEwLzI2AQAAALXWBQACAAAABzQ5LjM5MjMA4GuGKRcp3wjJiDFoFynfCCNDSVEuSVFUNDk3NTExOTYuSVFfQ0RTX01JRC4wNi8xMC8yNgEAAADNmb0AAgAAAAY0Mi42NDIAyB2GKRcp3whlLi5oFynfCCRDSVEuSVFUMzIzNjgwMTMwLklRX0NEU19NSUQuMDYvMTAvMjYBAAAAceECAAIAAAAHNTUuMjQxOQDKRIYpFynfCKZ8LmgXKd8II0NJUS5JUVQ0NjIwNjc3OS5JUV9DRFNfTUlELjA0LzEwLzI2AQAAAPzvNgACAAAABzI5LjI5NzUAyB2GKRcp3wg84iloFynfCCNDSVEuSVFUNDYyMTk5MjIuSVFfQ0RTX01JRC4wNS8xMC8yNgEAAADWRzkBAgAAAAY5LjgzMjUAyB2GKRcp3wg84iloFynfCCRDSVEuSVFUMzEzMzE0OTc2LklRX0NEU19NSUQuMDUvMTAvMjYBAAAAbUoAAAIAAAAHNTUuODQwNQDC8C0pFynfCDziKWgXKd8II0NJUS5JUVQ0NjIwMDM2NC5JUV9DRFNfTUlELjI5LzA5LzI2AQAAAFeGCAACAAAABzI4LjI1ODMA4GuGKRcp3wgp/i9oFynfCCNDSVEuSVFUNDYxOTk4NDEuSVFfQ0RTX01JRC4xMy8xMC8yNQEAAADrMAYA | CK1: AwAAAAAA4GuGKRcp3whM3jRoFynfCCNDSVEuSVFUNDYyMjUwODMuSVFfQ0RTX01JRC4xMS8xMC8yNgEAAABWRAYAAgAAAAc0NC4xNDAxAOBrhikXKd8I190maBcp3wgjQ0lRLklRVDQ2MjAzNzE0LklRX0NEU19NSUQuMTAvMTAvMjYBAAAAXwU1AAIAAAAHNzkuNTcyMgDIHYYpFynfCIkvJ2gXKd8II0NJUS5JUVQ0NjE5NzEzOC5JUV9DRFNfTUlELjA5LzEwLzI2AQAAAO6UOAECAAAACDEwOS41MDAyAPn2hSkXKd8IiS8naBcp3wgjQ0lRLklRVDQ2MjA0OTU3LklRX0NEU19NSUQuMDkvMTAvMjYBAAAAIRUGAAIAAAAHNjIuNTU5OADKRIYpFynfCOhfKGgXKd8IJENJUS5JUVQ2NDQ3MDE3OTcuSVFfQ0RTX01JRC4zMC8wOS8yNgEAAABTP30BAgAAAAcxMC40MjE4AMgdhikXKd8InMwwaBcp3wgjQ0lRLklRVDQ2MTk1NDkxLklRX0NEU19NSUQuMDgvMTAvMjYBAAAAaUoAAAIAAAAGNjMuMzM2AMpEhikXKd8IYUgpaBcp3wgkQ0lRLklRVDMxMzMxNTQyOS5JUV9DRFNfTUlELjA1LzEwLzI2AQAAADnnBQACAAAABjYzLjYyNQDC8C0pFynfCDziKWgXKd8II0NJUS5JUVQ0NjIwNzc4OS5JUV9DRFNfTUlELjEzLzEwLzI1AQAAACpYowECAAAABzIwLjA2NDkAykSGKRcp3whzjzRoFynfCCNDSVEuSVFUNDYyMTM0NzIuSVFfQ0RTX01JRC4xMy8wNy8yNgEAAAC5WjgAAgAAAAYxNC45NzMAykSGKRcp3wiTpDBoFynfCCND | CL1: SVEuSVFUNDYyMjIyOTIuSVFfQ0RTX01JRC4wNS8xMC8yNgEAAADRkZsBAgAAAAg3NTUuNDAwMgDKRIYpFynfCDziKWgXKd8II0NJUS5JUVQ0NjIwNzMwOC5JUV9DRFNfTUlELjEzLzEwLzI1AQAAADmJegECAAAABzE2LjMzMzMAyB2GKRcp3wiLCjNoFynfCCNDSVEuSVFUNDYyMDA0MTIuSVFfQ0RTX01JRC4wNy8xMC8yNgEAAABjQwYAAgAAAAc1Ni42ODkxAOBrhikXKd8IyYgxaBcp3wgjQ0lRLklRVDQ2MjI2MTMyLklRX0NEU19NSUQuMDYvMTAvMjYBAAAA3VkAAAIAAAAHNjQuNjkzOQDga4YpFynfCKZ8LmgXKd8II0NJUS5JUVQ0NjIwNzg3Mi5JUV9DRFNfTUlELjA0LzEwLzI2AQAAAFgNCgACAAAABzQ0LjEzMjEAykSGKRcp3whSdCtoFynfCCNDSVEuSVFUNzk2MzQ5MDEuSVFfQ0RTX01JRC4yOS8wOS8yNgEAAACcBhAAAgAAAAc1Ni41OTQyAPn2hSkXKd8IKf4vaBcp3wgkQ0lRLklRVDI1NDk1NTIzMy5JUV9DRFNfTUlELjExLzEwLzI2AQAAADlWCgACAAAABzUyLjgyNjIA4GuGKRcp3wjX3SZoFynfCCNDSVEuSVFUNDYxOTYyMjUuSVFfQ0RTX01JRC4xMC8xMC8yNgEAAAC+VaMBAgAAAAUzMS40NADIHYYpFynfCIkvJ2gXKd8II0NJUS5JUVQ1MTAyMzI2MC5JUV9DRFNfTUlELjEwLzEwLzI2AQAAALERfwECAAAABzE1LjkwNDQAykSGKRcp3wiJLydoFynfCCNDSVEuSVFUNDYyMjQ3NDAuSVFfQ0RTX01J | CM1: RC4xMC8xMC8yNgEAAADTcggAAgAAAAc1OC41NTgyAOBrhikXKd8IiS8naBcp3wgkQ0lRLklRVDMxMzMxNzM0NC5JUV9DRFNfTUlELjEwLzEwLzI2AQAAAPGsAQACAAAABzYxLjk2ODkAwvAtKRcp3wiJLydoFynfCCNDSVEuSVFUNDYyMDAyNzYuSVFfQ0RTX01JRC4wOS8xMC8yNgEAAACWd3wBAgAAAAczNC44OTY1AMgdhikXKd8I6F8oaBcp3wgjQ0lRLklRVDQ2MTk1NDkxLklRX0NEU19NSUQuMDkvMTAvMjYBAAAAaUoAAAIAAAAHNjIuNTM2MQDKRIYpFynfCOhfKGgXKd8II0NJUS5JUVQ3OTYzNDkwMS5JUV9DRFNfTUlELjA5LzEwLzI2AQAAAJwGEAACAAAABjU2LjU0MwDga4YpFynfCOhfKGgXKd8II0NJUS5JUVQ0NjIwNzU3MS5JUV9DRFNfTUlELjAzLzEwLzI2AQAAAG3vNQACAAAABzcyLjQ1ODEAyB2GKRcp3wiwuStoFynfCCNDSVEuSVFUNDYyMTM0NzIuSVFfQ0RTX01JRC4wMy8xMC8yNgEAAAC5WjgAAgAAAAYxNi4wNjQAykSGKRcp3wiwuStoFynfCCRDSVEuSVFUMjYzMjEzMTMyLklRX0NEU19NSUQuMDMvMTAvMjYBAAAA4ZoIAAIAAAAHNjguMTEwMQDga4YpFynfCFPzLGgXKd8II0NJUS5JUVQ0NjE5NDk5NS5JUV9DRFNfTUlELjAyLzEwLzI2AQAAAG4QMQACAAAABzE2Ljg1MzUAyB2GKRcp3whT8yxoFynfCCNDSVEuSVFUNDYyMjIyOTIuSVFfQ0RTX01JRC4wMi8xMC8yNgEAAADRkZsBAgAAAAg3 | CN1: NTQuMjkxNwDKRIYpFynfCFPzLGgXKd8II0NJUS5JUVQ0NjIyNTAwNi5JUV9DRFNfTUlELjAyLzEwLzI2AQAAAPhVDQACAAAABzY3LjIwOTgA4GuGKRcp3whT8yxoFynfCCNDSVEuSVFUNDYyMjAzMjkuSVFfQ0RTX01JRC4wMi8xMC8yNgEAAADbWwAAAgAAAAQ2MC41AMLwLSkXKd8IZS4uaBcp3wgjQ0lRLklRVDQ2MjYyMzc4LklRX0NEU19NSUQuMDEvMTAvMjYBAAAAQNKJAQIAAAAHMjQuNDUwMwDIHYYpFynfCIsKM2gXKd8II0NJUS5JUVQ0NjE5NzY5NC5JUV9DRFNfTUlELjAxLzEwLzI2AQAAAAf6BQACAAAABzYyLjM1NzUAykSGKRcp3wiLCjNoFynfCCNDSVEuSVFUNjIyNzAxMDcuSVFfQ0RTX01JRC4wMS8xMC8yNgEAAAAVWQAAAgAAAAI0NADga4YpFynfCIsKM2gXKd8II0NJUS5JUVQ0NjIwNzMwOC5JUV9DRFNfTUlELjMwLzA5LzI2AQAAADmJegECAAAABDE2LjUAyB2GKRcp3wiczDBoFynfCCNDSVEuSVFUNDYyMTAwMzIuSVFfQ0RTX01JRC4zMC8wOS8yNgEAAACPVaMBAgAAAAczNC42NDk0AMpEhikXKd8IyYgxaBcp3wgjQ0lRLklRVDQ2MjI1Mzc0LklRX0NEU19NSUQuMzAvMDkvMjYBAAAAtdYFAAIAAAAHNDYuNDIwNwDga4YpFynfCMmIMWgXKd8II0NJUS5JUVQ0NjIwNjc3OS5JUV9DRFNfTUlELjA4LzEwLzI2AQAAAPzvNgACAAAABzMwLjcyOTgAyB2GKRcp3whhSCloFynfCCNDSVEuSVFUNDYy | CO1: MTg2NzQuSVFfQ0RTX01JRC4wOC8xMC8yNgEAAABXyjYAAgAAAAcxMzguNTcxAMpEhikXKd8IYUgpaBcp3wgjQ0lRLklRVDQ2MjI1NzE1LklRX0NEU19NSUQuMDgvMTAvMjYBAAAAt+UEAAIAAAAHNDMuMjY4OQDga4YpFynfCDziKWgXKd8II0NJUS5JUVQ0NjIwNDg4NC5JUV9DRFNfTUlELjA3LzEwLzI2AQAAAIFRwAECAAAABzQ5LjQ3MjUAyB2GKRcp3wjJiDFoFynfCCNDSVEuSVFUNDYyMDc3ODkuSVFfQ0RTX01JRC4wNy8xMC8yNgEAAAAqWKMBAgAAAAcyOS4yMzUzAMpEhikXKd8IyYgxaBcp3wgkQ0lRLklRVDI4NjA5NjEzMS5JUV9DRFNfTUlELjA3LzEwLzI2AQAAADvxBAACAAAABzcyLjk1MDgA4GuGKRcp3wjJiDFoFynfCCNDSVEuSVFUNDYyMTA1NjAuSVFfQ0RTX01JRC4wNi8xMC8yNgEAAAD2GjcAAgAAAAc5NC4wODI5AMgdhikXKd8IZS4uaBcp3wgjQ0lRLklRVDQ2MjE5OTIyLklRX0NEU19NSUQuMDYvMTAvMjYBAAAA1kc5AQIAAAAGOS41NTMzAMgdhikXKd8IpnwuaBcp3wgjQ0lRLklRVDQ2MjIzNjQ2LklRX0NEU19NSUQuMDYvMTAvMjYBAAAAG3gEAAIAAAAHNTYuMDM5MQDKRIYpFynfCKZ8LmgXKd8IJENJUS5JUVQzMTMzMTQ5NzYuSVFfQ0RTX01JRC4wNi8xMC8yNgEAAABtSgAAAgAAAAc1NS44Mzk3AMLwLSkXKd8IpnwuaBcp3wgjQ0lRLklRVDQ2MjE4NTE2LklRX0NEU19NSUQuMDQvMTAv | CP1: MjYBAAAAplWjAQIAAAAHNDQuMTM5MwDIHYYpFynfCDziKWgXKd8II0NJUS5JUVQ0NjIyMDgwMy5JUV9DRFNfTUlELjA0LzEwLzI2AQAAANbJNgACAAAABjQxLjQ5MgDKRIYpFynfCFJ0K2gXKd8II0NJUS5JUVQ0NjIwMDM2NC5JUV9DRFNfTUlELjA0LzEwLzI2AQAAAFeGCAACAAAABzMwLjM4NDIA4GuGKRcp3wiwuStoFynfCCNDSVEuSVFUNDYyMDQzMDAuSVFfQ0RTX01JRC4xMy8wNy8yNgEAAAD2JX0AAgAAAAY3LjAwMDUAyB2GKRcp3wgp/i9oFynfCCNDSVEuSVFUNjAzODgwNTcuSVFfQ0RTX01JRC4xMy8wNy8yNgEAAADfyX0BAwAAAAAAykSGKRcp3wiTpDBoFynfCCNDSVEuSVFUNDYxOTk4NDEuSVFfQ0RTX01JRC4xMy8wNy8yNgEAAADrMAYAAwAAAAAA4GuGKRcp3wiczDBoFynfCCNDSVEuSVFUNDYyMjUwODMuSVFfQ0RTX01JRC4yOS8wOS8yNgEAAABWRAYAAgAAAAc0MC42ODg1AOBrhikXKd8IKf4vaBcp3wgjQ0lRLklRVDQ2MjAzNzE0LklRX0NEU19NSUQuMTMvMTAvMjUBAAAAXwU1AAIAAAAHNDAuNDU4MwDIHYYpFynfCIsKM2gXKd8II0NJUS5JUVQ3OTYzOTk1My5JUV9DRFNfTUlELjEzLzEwLzI1AQAAADSbVgECAAAABzMwLjMzNDcAykSGKRcp3whzjzRoFynfCCRDSVEuSVFUNTI4OTM2ODEyLklRX0NEU19NSUQuMTMvMTAvMjUBAAAAbFsGAAIAAAAHNTMuMDE0MgDga4YpFynfCEzeNGgXKd8I | CQ1: I0NJUS5JUVQ0NjIyNDc0MC5JUV9DRFNfTUlELjAyLzEwLzI2AQAAANNyCAACAAAABzYyLjM1OTEA4GuGKRcp3whT8yxoFynfCCNDSVEuSVFUNjIyNzAxMDcuSVFfQ0RTX01JRC4wOC8xMC8yNgEAAAAVWQAAAgAAAAc0NS42Mjc5AOBrhikXKd8IPOIpaBcp3wgjQ0lRLklRVDQ2MjAwNDEyLklRX0NEU19NSUQuMDMvMTAvMjYBAAAAY0MGAAIAAAAFNTYuODkA4GuGKRcp3whT8yxoFynfCCNDSVEuSVFUNDYyMTY5ODYuSVFfQ0RTX01JRC4zMC8wOS8yNgEAAADORDgBAwAAAAAAykSGKRcp3wjJiDFoFynfCCNDSVEuSVFUNDYyMTM0NzIuSVFfQ0RTX01JRC4wNy8xMC8yNgEAAAC5WjgAAgAAAAcxNi4xMTY1AMpEhikXKd8IyYgxaBcp3wgkQ0lRLklRVDI2MzIxMzEzMi5JUV9DRFNfTUlELjA3LzEwLzI2AQAAAOGaCAACAAAABzY3LjYzODEA4GuGKRcp3wjJiDFoFynfCCNDSVEuSVFUNDYxOTQ5OTUuSVFfQ0RTX01JRC4wNi8xMC8yNgEAAABuEDEAAgAAAAcxNy4wMzIzAMgdhikXKd8IpnwuaBcp3wgjQ0lRLklRVDQ2MTk3Njk0LklRX0NEU19NSUQuMDQvMTAvMjYBAAAAB/oFAAIAAAAHNjEuODU3MQDKRIYpFynfCFJ0K2gXKd8II0NJUS5JUVQ2MjI3MDEwNy5JUV9DRFNfTUlELjA0LzEwLzI2AQAAABVZAAACAAAABzQ1LjI4MDUA4GuGKRcp3wiwuStoFynfCCNDSVEuSVFUNDYyMDczMDguSVFfQ0RTX01JRC4xMy8w | CR1: Ny8yNgEAAAA5iXoBAgAAAAcxNC4zMzMzAMgdhikXKd8IKf4vaBcp3wgjQ0lRLklRVDYwMzg5NTE2LklRX0NEU19NSUQuMDUvMTAvMjYBAAAApfDDAQIAAAAGNy40MDYxAMpEhikXKd8IPOIpaBcp3wgjQ0lRLklRVDQ2MjI1MDA2LklRX0NEU19NSUQuMDUvMTAvMjYBAAAA+FUNAAIAAAAHNjcuMDU2MwDga4YpFynfCDziKWgXKd8IJENJUS5JUVQzMTMzMDU4NzkuSVFfQ0RTX01JRC4wNy8xMC8yNgEAAACE1twBAgAAAAYyLjI5MzkAykSGKRcp3wjJiDFoFynfCCNDSVEuSVFUNzk2Mzk5MTMuSVFfQ0RTX01JRC4wNC8xMC8yNgEAAAAgYxwCAgAAAAY5LjY5MDkAyB2GKRcp3wg84iloFynfCCNDSVEuSVFUNTEwMjMyNjAuSVFfQ0RTX01JRC4wNS8xMC8yNgEAAACxEX8BAgAAAAcxNS43NjY4AMpEhikXKd8IPOIpaBcp3wgjQ0lRLklRVDUxMDIzNDgwLklRX0NEU19NSUQuMDQvMTAvMjYBAAAAwkXxAQIAAAAGNy4xOTc1AMgdhikXKd8IPOIpaBcp3wgkQ0lRLklRVDMxMzMwNTg3OS5JUV9DRFNfTUlELjEzLzA3LzI2AQAAAITW3AECAAAABjIuMzMzNADKRIYpFynfCJOkMGgXKd8II0NJUS5JUVQ0NjIwMDQxMi5JUV9DRFNfTUlELjEzLzA3LzI2AQAAAGNDBgACAAAABzQ2LjQzMjUA4GuGKRcp3wiczDBoFynfCCNDSVEuSVFUNDYyMDA0MTIuSVFfQ0RTX01JRC4xMS8xMC8yNgEAAABjQwYAAgAAAAc1Ni41MzMzAOBr | CS1: hikXKd8I190maBcp3wgjQ0lRLklRVDQ2MjAzMzMyLklRX0NEU19NSUQuMTAvMTAvMjYBAAAAXx43AAIAAAACMTQAyB2GKRcp3wiJLydoFynfCCNDSVEuSVFUNDYyMTUxMTEuSVFfQ0RTX01JRC4xMC8xMC8yNgEAAACgS7IBAgAAAAczNi40MzI2AMpEhikXKd8IiS8naBcp3wgjQ0lRLklRVDQ2MjI2MTMyLklRX0NEU19NSUQuMTAvMTAvMjYBAAAA3VkAAAIAAAAHNjcuMjc2MQDga4YpFynfCIkvJ2gXKd8IJENJUS5JUVQzMTMzMTM1MjQuSVFfQ0RTX01JRC4xMC8xMC8yNgEAAADvVQ0AAgAAAAc1NC40OTA0AMLwLSkXKd8IiS8naBcp3wgjQ0lRLklRVDc5NjM5OTEzLklRX0NEU19NSUQuMDkvMTAvMjYBAAAAIGMcAgIAAAAGOS42Njc1AMgdhikXKd8I6F8oaBcp3wgjQ0lRLklRVDQ2MjA3ODcyLklRX0NEU19NSUQuMDkvMTAvMjYBAAAAWA0KAAIAAAAHNDQuMDk5NQDKRIYpFynfCOhfKGgXKd8II0NJUS5JUVQ0NjIwMDMxNy5JUV9DRFNfTUlELjA5LzEwLzI2AQAAAP5UDQACAAAABzY5Ljk0OTEAwsktKRcp3wjoXyhoFynfCCRDSVEuSVFUNjQ0NzAxNzk3LklRX0NEU19NSUQuMDMvMTAvMjYBAAAAUz99AQIAAAAHMTAuOTU3MgDIHYYpFynfCLC5K2gXKd8II0NJUS5JUVQ0NjIxODUxNi5JUV9DRFNfTUlELjExLzEwLzI2AQAAAKZVowECAAAABzQ0LjUxNjUAyB2GKRcp3wjhUCVoFynfCCNDSVEuSVFUNDYyMjA4 | CT1: MDMuSVFfQ0RTX01JRC4xMS8xMC8yNgEAAADWyTYAAgAAAAczOS42MjM0AMpEhikXKd8IB3wmaBcp3wgjQ0lRLklRVDQ2MjAwMzY0LklRX0NEU19NSUQuMTEvMTAvMjYBAAAAV4YIAAIAAAAHMzAuNDU4MwDga4YpFynfCNfdJmgXKd8II0NJUS5JUVQ0NjIwNDMwMC5JUV9DRFNfTUlELjEwLzEwLzI2AQAAAPYlfQACAAAABzEyLjMzMzYAyB2GKRcp3wiJLydoFynfCCNDSVEuSVFUNjAzODgwNTcuSVFfQ0RTX01JRC4xMC8xMC8yNgEAAADfyX0BAwAAAAAAykSGKRcp3wiJLydoFynfCCNDSVEuSVFUNDYxOTk4NDEuSVFfQ0RTX01JRC4xMC8xMC8yNgEAAADrMAYAAwAAAAAA4GuGKRcp3wiJLydoFynfCCRDSVEuSVFUMzEzMzEwMTg0LklRX0NEU19NSUQuMDkvMTAvMjYBAAAAYEQ+AAIAAAAHMTMuOTY0NQD59oUpFynfCIkvJ2gXKd8II0NJUS5JUVQ0NjIxNDg3OS5JUV9DRFNfTUlELjA5LzEwLzI2AQAAAPUaNwACAAAABzU2LjI1NjIAyB2GKRcp3wjoXyhoFynfCCNDSVEuSVFUNDY0NzA4NzcuSVFfQ0RTX01JRC4wOS8xMC8yNgEAAABCNwcAAgAAAAc2NC4wNjIzAMpEhikXKd8I6F8oaBcp3wgkQ0lRLklRVDMxMzMxMDg1NC5JUV9DRFNfTUlELjA5LzEwLzI2AQAAAK9UDQACAAAABTYyLjc2AMLJLSkXKd8I6F8oaBcp3wgjQ0lRLklRVDQ2MjE0OTU0LklRX0NEU19NSUQuMDMvMTAvMjYBAAAAOj05AQIAAAAHMjIu | CU1: NjMyNgDIHYYpFynfCLC5K2gXKd8II0NJUS5JUVQ0NjIwODYzNC5JUV9DRFNfTUlELjAzLzEwLzI2AQAAAAMfwgACAAAABzI0LjI1MTYAykSGKRcp3wiwuStoFynfCCNDSVEuSVFUNDYyMjUwODMuSVFfQ0RTX01JRC4wMy8xMC8yNgEAAABWRAYAAgAAAAc0My44ODczAOBrhikXKd8IU/MsaBcp3wgjQ0lRLklRVDQ2MjAzNzE0LklRX0NEU19NSUQuMDIvMTAvMjYBAAAAXwU1AAIAAAAHODQuMTg2MQDIHYYpFynfCFPzLGgXKd8II0NJUS5JUVQ3OTYzOTk1My5JUV9DRFNfTUlELjAyLzEwLzI2AQAAADSbVgECAAAABzIxLjkzOTEAykSGKRcp3whT8yxoFynfCCRDSVEuSVFUNTI4OTM2ODEyLklRX0NEU19NSUQuMDIvMTAvMjYBAAAAbFsGAAIAAAAHNTcuNTIzOQDga4YpFynfCFPzLGgXKd8II0NJUS5JUVQ0NjE5NzEzOC5JUV9DRFNfTUlELjAxLzEwLzI2AQAAAO6UOAECAAAACDEzMi4xNjYxAPn2hSkXKd8IiwozaBcp3wgjQ0lRLklRVDUxMDIzNDgwLklRX0NEU19NSUQuMDEvMTAvMjYBAAAAwkXxAQIAAAAGNi42MjkzAMgdhikXKd8IiwozaBcp3wgjQ0lRLklRVDQ2MjA0OTU3LklRX0NEU19NSUQuMDEvMTAvMjYBAAAAIRUGAAIAAAAHNjIuMzQxMgDKRIYpFynfCIsKM2gXKd8II0NJUS5JUVQ2MjI3MDEwNi5JUV9DRFNfTUlELjAxLzEwLzI2AQAAAK13gwACAAAABzc0Ljc1NTQAwsktKRcp3wiLCjNoFynfCCND | CV1: SVEuSVFUNzk2NDAwMjQuSVFfQ0RTX01JRC4zMC8wOS8yNgEAAAA1j5sBAgAAAAUxMS4yNQDIHYYpFynfCJzMMGgXKd8IJENJUS5JUVQzMTMzMDU4NzkuSVFfQ0RTX01JRC4zMC8wOS8yNgEAAACE1twBAgAAAAYyLjI5MzkAykSGKRcp3wjJiDFoFynfCCNDSVEuSVFUNDYyMDA0MTIuSVFfQ0RTX01JRC4zMC8wOS8yNgEAAABjQwYAAgAAAAc1NC43NjUzAOBrhikXKd8IyYgxaBcp3wgkQ0lRLklRVDMxMzMxMzUyNC5JUV9DRFNfTUlELjEzLzEwLzI2AQAAAO9VDQACAAAABzU1Ljg3ODcAwvAtKRcp3wi7WyRoFynfCCNDSVEuSVFUNzk2Mzk5MTMuSVFfQ0RTX01JRC4wOC8xMC8yNgEAAAAgYxwCAgAAAAU5LjY0OADIHYYpFynfCGFIKWgXKd8II0NJUS5JUVQ0NjIwNzg3Mi5JUV9DRFNfTUlELjA4LzEwLzI2AQAAAFgNCgACAAAABzQ0LjQxMDMAykSGKRcp3whhSCloFynfCCNDSVEuSVFUNDYyMDAzMTcuSVFfQ0RTX01JRC4wOC8xMC8yNgEAAAD+VA0AAgAAAAc3MC40NjgzAMLJLSkXKd8IPOIpaBcp3wgkQ0lRLklRVDY0NDcwMTc5Ny5JUV9DRFNfTUlELjA3LzEwLzI2AQAAAFM/fQECAAAABzExLjI1ODcAyB2GKRcp3wjJiDFoFynfCCNDSVEuSVFUNDYyMTY5ODYuSVFfQ0RTX01JRC4wNy8xMC8yNgEAAADORDgBAwAAAAAAykSGKRcp3wjJiDFoFynfCCRDSVEuSVFUMjU0OTU1MjMzLklRX0NEU19NSUQuMDcvMTAv | CW1: MjYBAAAAOVYKAAIAAAAHNTMuMzIzNQDga4YpFynfCMmIMWgXKd8II0NJUS5JUVQ0NjE5NjIyNS5JUV9DRFNfTUlELjA2LzEwLzI2AQAAAL5VowECAAAABTMyLjI1AMgdhikXKd8IpnwuaBcp3wgjQ0lRLklRVDUxMDIzMjYwLklRX0NEU19NSUQuMDYvMTAvMjYBAAAAsRF/AQIAAAAHMTUuNzMzNADKRIYpFynfCKZ8LmgXKd8II0NJUS5JUVQ0NjIyNDc0MC5JUV9DRFNfTUlELjA2LzEwLzI2AQAAANNyCAACAAAABzU3LjAxMTQA4GuGKRcp3wimfC5oFynfCCRDSVEuSVFUMzEzMzE3MzQ0LklRX0NEU19NSUQuMDYvMTAvMjYBAAAA8awBAAIAAAAHNjIuMDA1NQDC8C0pFynfCKZ8LmgXKd8II0NJUS5JUVQ0NjIwMDI3Ni5JUV9DRFNfTUlELjA0LzEwLzI2AQAAAJZ3fAECAAAABTMzLjQ4AMgdhikXKd8IPOIpaBcp3wgjQ0lRLklRVDQ2MTk1NDkxLklRX0NEU19NSUQuMDQvMTAvMjYBAAAAaUoAAAIAAAAHNjMuODYyMQDKRIYpFynfCFJ0K2gXKd8II0NJUS5JUVQ0OTc1MTE5Ni5JUV9DRFNfTUlELjEyLzEwLzI2AQAAAM2ZvQACAAAABzQxLjkxMzMAyB2GKRcp3wi7WyRoFynfCCNDSVEuSVFUNjAzODk1MTYuSVFfQ0RTX01JRC4xMi8xMC8yNgEAAACl8MMBAgAAAAY3LjM3ODcAyB2GKRcp3wjhUCVoFynfCCRDSVEuSVFUMzIzNjgwMTMwLklRX0NEU19NSUQuMTIvMTAvMjYBAAAAceECAAIAAAAHNTUuNTQwNwDKRIYp | CX1: FynfCOFQJWgXKd8IJENJUS5JUVQzMTMzMTU0MjkuSVFfQ0RTX01JRC4xMi8xMC8yNgEAAAA55wUAAgAAAAc2Mi43MzcyAMLwLSkXKd8I4VAlaBcp3wgjQ0lRLklRVDQ2MjA2Nzc5LklRX0NEU19NSUQuMTEvMTAvMjYBAAAA/O82AAIAAAAHMjkuNjQ2NgDIHYYpFynfCOFQJWgXKd8II0NJUS5JUVQ0NjIxODY3NC5JUV9DRFNfTUlELjExLzEwLzI2AQAAAFfKNgACAAAACDEzNS4xNzczAMpEhikXKd8IB3wmaBcp3wgjQ0lRLklRVDQ2MjI1NzE1LklRX0NEU19NSUQuMTEvMTAvMjYBAAAAt+UEAAIAAAAHNDMuNTc2NADga4YpFynfCNfdJmgXKd8II0NJUS5JUVQ0NjIwNDg4NC5JUV9DRFNfTUlELjEwLzEwLzI2AQAAAIFRwAECAAAAAjQ4AMgdhikXKd8IiS8naBcp3wgjQ0lRLklRVDQ2MjA3Nzg5LklRX0NEU19NSUQuMTAvMTAvMjYBAAAAKlijAQIAAAAHMjkuNjIyMgDKRIYpFynfCIkvJ2gXKd8IJENJUS5JUVQyODYwOTYxMzEuSVFfQ0RTX01JRC4xMC8xMC8yNgEAAAA78QQAAgAAAAc3Mi40NzI1AOBrhikXKd8IiS8naBcp3wgjQ0lRLklRVDQ2MjEwNTYwLklRX0NEU19NSUQuMDkvMTAvMjYBAAAA9ho3AAIAAAAHOTIuNzM4NwDIHYYpFynfCIkvJ2gXKd8II0NJUS5JUVQ0NjIxOTkyMi5JUV9DRFNfTUlELjA5LzEwLzI2AQAAANZHOQECAAAABjkuNTEzMwDIHYYpFynfCOhfKGgXKd8II0NJUS5JUVQ0NjIyMzY0 | CY1: Ni5JUV9DRFNfTUlELjA5LzEwLzI2AQAAABt4BAACAAAABzU2LjUzNDIAykSGKRcp3wjoXyhoFynfCCRDSVEuSVFUMzEzMzE0OTc2LklRX0NEU19NSUQuMDkvMTAvMjYBAAAAbUoAAAIAAAAHNTQuNDE5MQDC8C0pFynfCCEhKWgXKd8II0NJUS5JUVQ0NjIxODUxNi5JUV9DRFNfTUlELjAzLzEwLzI2AQAAAKZVowECAAAABzQ0LjEzOTMAyB2GKRcp3wiwuStoFynfCCNDSVEuSVFUNDYyMjA4MDMuSVFfQ0RTX01JRC4wMy8xMC8yNgEAAADWyTYAAgAAAAY0MS40OTIAykSGKRcp3wiwuStoFynfCCNDSVEuSVFUNDYyMDAzNjQuSVFfQ0RTX01JRC4wMy8xMC8yNgEAAABXhggAAgAAAAczMC4zODQyAOBrhikXKd8IU/MsaBcp3wgjQ0lRLklRVDQ2MjA0MzAwLklRX0NEU19NSUQuMDIvMTAvMjYBAAAA9iV9AAIAAAAEMTIuNQDIHYYpFynfCFPzLGgXKd8II0NJUS5JUVQ2MDM4ODA1Ny5JUV9DRFNfTUlELjAyLzEwLzI2AQAAAN/JfQEDAAAAAADKRIYpFynfCFPzLGgXKd8II0NJUS5JUVQ0NjE5OTg0MS5JUV9DRFNfTUlELjAyLzEwLzI2AQAAAOswBgADAAAAAADga4YpFynfCFPzLGgXKd8IJENJUS5JUVQzMTMzMTAxODQuSVFfQ0RTX01JRC4wMS8xMC8yNgEAAABgRD4AAgAAAAcxMi4xMzUxAMgdhikXKd8IiwozaBcp3wgjQ0lRLklRVDQ2MjE0ODc5LklRX0NEU19NSUQuMDEvMTAvMjYBAAAA9Ro3AAIAAAAHNTcuMDg0 | CZ1: MQDIHYYpFynfCIsKM2gXKd8II0NJUS5JUVQ0NjQ3MDg3Ny5JUV9DRFNfTUlELjAxLzEwLzI2AQAAAEI3BwACAAAABzY0Ljg1NzMAykSGKRcp3wiLCjNoFynfCCRDSVEuSVFUMzEzMzEwODU0LklRX0NEU19NSUQuMDEvMTAvMjYBAAAAr1QNAAIAAAAFNjQuNzQAwvAtKRcp3wiLCjNoFynfCCNDSVEuSVFUNDYyMTQ5NTQuSVFfQ0RTX01JRC4zMC8wOS8yNgEAAAA6PTkBAgAAAAQxOC41AMgdhikXKd8InMwwaBcp3wgjQ0lRLklRVDQ2MjA4NjM0LklRX0NEU19NSUQuMzAvMDkvMjYBAAAAAx/CAAIAAAAHMjMuNDAwMgDKRIYpFynfCMmIMWgXKd8II0NJUS5JUVQ0NjIyNTA4My5JUV9DRFNfTUlELjMwLzA5LzI2AQAAAFZEBgACAAAABzQxLjQ3NzYA4GuGKRcp3wjJiDFoFynfCCNDSVEuSVFUNDYxOTcxMzguSVFfQ0RTX01JRC4wOC8xMC8yNgEAAADulDgBAgAAAAgxMTAuNzEzOQD59oUpFynfCCEhKWgXKd8II0NJUS5JUVQ1MTAyMzQ4MC5JUV9DRFNfTUlELjA4LzEwLzI2AQAAAMJF8QECAAAABjcuMjg4MgDIHYYpFynfCGFIKWgXKd8II0NJUS5JUVQ0NjIwNDk1Ny5JUV9DRFNfTUlELjA4LzEwLzI2AQAAACEVBgACAAAABjYyLjY5NwDKRIYpFynfCGFIKWgXKd8II0NJUS5JUVQ2MjI3MDEwNi5JUV9DRFNfTUlELjA4LzEwLzI2AQAAAK13gwACAAAABzc0Ljc2NDgAwsktKRcp3wg84iloFynfCCNDSVEuSVFUNDYx | DA1: OTQ5OTUuSVFfQ0RTX01JRC4xMi8xMC8yNgEAAABuEDEAAgAAAAcxNi45Nzk5AMgdhikXKd8Iu1skaBcp3wgjQ0lRLklRVDQ2MjIyMjkyLklRX0NEU19NSUQuMTIvMTAvMjYBAAAA0ZGbAQIAAAAINzc1LjE1MzYAykSGKRcp3wjhUCVoFynfCCNDSVEuSVFUNDYyMjUwMDYuSVFfQ0RTX01JRC4xMi8xMC8yNgEAAAD4VQ0AAgAAAAc2My45NjM2AOBrhikXKd8I4VAlaBcp3wgjQ0lRLklRVDQ2MjIwMzI5LklRX0NEU19NSUQuMTIvMTAvMjYBAAAA21sAAAIAAAAHNjAuMzMyNgDC8C0pFynfCOFQJWgXKd8II0NJUS5JUVQ0NjI2MjM3OC5JUV9DRFNfTUlELjExLzEwLzI2AQAAAEDSiQECAAAABzI2LjU5MTYAyB2GKRcp3wjhUCVoFynfCCNDSVEuSVFUNDYxOTc2OTQuSVFfQ0RTX01JRC4xMS8xMC8yNgEAAAAH+gUAAgAAAAc2MS40NTcxAMpEhikXKd8IB3wmaBcp3wgjQ0lRLklRVDYyMjcwMTA3LklRX0NEU19NSUQuMTEvMTAvMjYBAAAAFVkAAAIAAAAHNDUuMDM5MwDga4YpFynfCNfdJmgXKd8II0NJUS5JUVQ0NjIwNzMwOC5JUV9DRFNfTUlELjEwLzEwLzI2AQAAADmJegECAAAABzE2LjgzMjUAyB2GKRcp3wiJLydoFynfCCNDSVEuSVFUNDYyMTAwMzIuSVFfQ0RTX01JRC4xMC8xMC8yNgEAAACPVaMBAgAAAAczNS4yMjI1AMpEhikXKd8IiS8naBcp3wgjQ0lRLklRVDQ2MjI1Mzc0LklRX0NEU19NSUQuMTAvMTAv | DB1: MjYBAAAAtdYFAAIAAAAHNDguNDM1NgDga4YpFynfCIkvJ2gXKd8II0NJUS5JUVQ0NjE5NjIyNS5JUV9DRFNfTUlELjEyLzEwLzI2AQAAAL5VowECAAAABTMyLjI1AMgdhikXKd8Iu1skaBcp3wgjQ0lRLklRVDUxMDIzMjYwLklRX0NEU19NSUQuMTIvMTAvMjYBAAAAsRF/AQIAAAAHMTUuODczMwDKRIYpFynfCOFQJWgXKd8II0NJUS5JUVQ0NjIyNDc0MC5JUV9DRFNfTUlELjEyLzEwLzI2AQAAANNyCAACAAAABzU5LjIyNzEA4GuGKRcp3wjhUCVoFynfCCRDSVEuSVFUMzEzMzE3MzQ0LklRX0NEU19NSUQuMTIvMTAvMjYBAAAA8awBAAIAAAAHNjEuNjk5MgDC8C0pFynfCOFQJWgXKd8II0NJUS5JUVQ0NjIwMDI3Ni5JUV9DRFNfTUlELjExLzEwLzI2AQAAAJZ3fAECAAAABzM0Ljg5NjUAyB2GKRcp3wjhUCVoFynfCCNDSVEuSVFUNDYxOTU0OTEuSVFfQ0RTX01JRC4xMS8xMC8yNgEAAABpSgAAAgAAAAc2Mi41MzYxAMpEhikXKd8IB3wmaBcp3wgjQ0lRLklRVDc5NjM0OTAxLklRX0NEU19NSUQuMTEvMTAvMjYBAAAAnAYQAAIAAAAGNTYuNTQzAOBrhikXKd8I190maBcp3wgjQ0lRLklRVDQ2MjA3NTcxLklRX0NEU19NSUQuMTAvMTAvMjYBAAAAbe81AAIAAAAHNjUuNTUxMgDIHYYpFynfCIkvJ2gXKd8II0NJUS5JUVQ0NjIxMzQ3Mi5JUV9DRFNfTUlELjEwLzEwLzI2AQAAALlaOAACAAAABzE2LjE4MzUAykSG | DC1: KRcp3wiJLydoFynfCCRDSVEuSVFUMjYzMjEzMTMyLklRX0NEU19NSUQuMTAvMTAvMjYBAAAA4ZoIAAIAAAAHNjcuNDEyOADga4YpFynfCIkvJ2gXKd8II0NJUS5JUVQ0NjE5NDk5NS5JUV9DRFNfTUlELjA5LzEwLzI2AQAAAG4QMQACAAAABzE3LjAxOTYAyB2GKRcp3wiJLydoFynfCA==

Sheet Report
C1: CDS Change (%) | H1: Equity Price (%)
B2: Threshold Green | D2: -3 | E2: -3 | F2: -30 | G2: -75 | H2: 2 | I2: 10 | J2: 30 | K2: 70 | M2: {=_xll.TR("C5YUSAX=R","PCT1W")} -> The formula must contain at least one field or function.
B3: Threshold Red | D3: 3 | E3: 3 | F3: 20 | G3: 50 | H3: -3 | I3: -10 | J3: -30 | K3: -70
C5: CDS (bps) | H5: Equity Price (%) | M5: {=_xll.TR(O10,"TR.CDSMidSpread")} -> The formula must contain at least one field or function.
A6: Bank | B6: Region | C6: Now | D6: 5d Δ | E6: 2wk Δ | F6: 3m Δ | G6: 1yr Δ | H6: 5d Δ | I6: 2wk Δ | J6: 3m Δ | K6: 1yr Δ
A7: America | B7: Dow Jones US Banks Index | M7: Bank | N7: Equity RIC | O7: CDS RIC
A8: Citigroup | B8: America | C8: ='CDS from CapitalIQ'!C48 -> 61.5976 | D8: ='CDS from CapitalIQ'!T48 -> -0.6173 | E8: ='CDS from CapitalIQ'!V48 -> 0.2156 | F8: ='CDS from CapitalIQ'!W48 -> 9.5455 | G8: ='CDS from CapitalIQ'!X48 -> 2.3016 | H8: {=(_xll.TR(N8,"TR.PriceClose")-_xll.TR(N8,"TR.PriceClose","SDate:"&TEXT(WORKDAY(TODAY(),-5),"yyyy-mm-dd")))/_xll.TR(N8,"TR.PriceClose","SDate:"&TEXT(WORKDAY(TODAY(),-5),"yyyy-mm-dd"))} -> 0.026455026 | I8: {=(_xll.TR(N8,"TR.PriceClose")-_xll.TR(N8,"TR.PriceClose","SDate:"&TEXT(WORKDAY(TODAY(),-10),"yyyy-mm-dd")))/_xll.TR(N8,"TR.PriceClose","SDate:"&TEXT(WORKDAY(TODAY(),-10),"yyyy-mm-dd"))} -> 0.0085626911 | J8: {=(_xll.TR(N8,"TR.PriceClose")-_xll.TR(N8,"TR.PriceClose","SDate:"&EDATE(TODAY(),-3)))/_xll.TR(N8,"TR.PriceClose","SDate:"&EDATE(TODAY(),-3))} -> -0.062468908 | K8: {=(_xll.TR(N8,"TR.PriceClose")-_xll.TR(N8,"TR.PriceClose","SDate:"&EDATE(TODAY(),-12)))/_xll.TR(N8,"TR.PriceClose","SDate:"&EDATE(TODAY(),-12))} -> 0.37273673 | M8: Citigroup | N8: C.N | O8: C5YUSAX=R
A9: Bank of America | B9: America | C9: ='CDS from CapitalIQ'!C49 -> 62.6206 | D9: ='CDS from CapitalIQ'!T49 -> -0.7154 | E9: ='CDS from CapitalIQ'!V49 -> 0.6366 | F9: ='CDS from CapitalIQ'!W49 -> 8.3941 | G9: ='CDS from CapitalIQ'!X49 -> 3.2785 | H9: {=(_xll.TR(N9,"TR.PriceClose")-_xll.TR(N9,"TR.PriceClose","SDate:"&TEXT(WORKDAY(TODAY(),-5),"yyyy-mm-dd")))/_xll.TR(N9,"TR.PriceClose","SDate:"&TEXT(WORKDAY(TODAY(),-5),"yyyy-mm-dd"))} -> 0.0090589758 | I9: {=(_xll.TR(N9,"TR.PriceClose")-_xll.TR(N9,"TR.PriceClose","SDate:"&TEXT(WORKDAY(TODAY(),-10),"yyyy-mm-dd")))/_xll.TR(N9,"TR.PriceClose","SDate:"&TEXT(WORKDAY(TODAY(),-10),"yyyy-mm-dd"))} -> -0.0069141194 | J9: {=(_xll.TR(N9,"TR.PriceClose")-_xll.TR(N9,"TR.PriceClose","SDate:"&EDATE(TODAY(),-3)))/_xll.TR(N9,"TR.PriceClose","SDate:"&EDATE(TODAY(),-3))} -> -0.082689076 | K9: {=(_xll.TR(N9,"TR.PriceClose")-_xll.TR(N9,"TR.PriceClose","SDate:"&EDATE(TODAY(),-12)))/_xll.TR(N9,"TR.PriceClose","SDate:"&EDATE(TODAY(),-12))} -> 0.11706918 | M9: Bank of America | N9: BAC.N | O9: BAC5YUSAX=R
A10: JPMorgan Chase | B10: America | C10: ='CDS from CapitalIQ'!C50 -> 44.2016 | D10: ='CDS from CapitalIQ'!T50 -> -0.2087 | E10: ='CDS from CapitalIQ'!V50 -> 1.1319 | F10: ='CDS from CapitalIQ'!W50 -> 4.1548 | G10: ='CDS from CapitalIQ'!X50 -> -2.2619 | H10: {=(_xll.TR(N10,"TR.PriceClose")-_xll.TR(N10,"TR.PriceClose","SDate:"&TEXT(WORKDAY(TODAY(),-5),"yyyy-mm-dd")))/_xll.TR(N10,"TR.PriceClose","SDate:"&TEXT(WORKDAY(TODAY(),-5),"yyyy-mm-dd"))} -> 0.0091161555 | I10: {=(_xll.TR(N10,"TR.PriceClose")-_xll.TR(N10,"TR.PriceClose","SDate:"&TEXT(WORKDAY(TODAY(),-10),"yyyy-mm-dd")))/_xll.TR(N10,"TR.PriceClose","SDate:"&TEXT(WORKDAY(TODAY(),-10),"yyyy-mm-dd"))} -> -0.0020299719 | J10: {=(_xll.TR(N10,"TR.PriceClose")-_xll.TR(N10,"TR.PriceClose","SDate:"&EDATE(TODAY(),-3)))/_xll.TR(N10,"TR.PriceClose","SDate:"&EDATE(TODAY(),-3))} -> -0.00068753176 | K10: {=(_xll.TR(N10,"TR.PriceClose")-_xll.TR(N10,"TR.PriceClose","SDate:"&EDATE(TODAY(),-12)))/_xll.TR(N10,"TR.PriceClose","SDate:"&EDATE(TODAY(),-12))} -> 0.08549534 | M10: JPMorgan Chase | N10: JPM.N | O10: JPM5YUSAX=R
A11: Goldman Sachs | B11: America | C11: ='CDS from CapitalIQ'!C51 -> 62.4528 | D11: ='CDS from CapitalIQ'!T51 -> -0.2442 | E11: ='CDS from CapitalIQ'!V51 -> 1.384 | F11: ='CDS from CapitalIQ'!W51 -> 8.3266 | G11: ='CDS from CapitalIQ'!X51 -> -0.2601 | H11: {=(_xll.TR(N11,"TR.PriceClose")-_xll.TR(N11,"TR.PriceClose","SDate:"&TEXT(WORKDAY(TODAY(),-5),"yyyy-mm-dd")))/_xll.TR(N11,"TR.PriceClose","SDate:"&TEXT(WORKDAY(TODAY(),-5),"yyyy-mm-dd"))} -> -0.0036001694 | I11: {=(_xll.TR(N11,"TR.PriceClose")-_xll.TR(N11,"TR.PriceClose","SDate:"&TEXT(WORKDAY(TODAY(),-10),"yyyy-mm-dd")))/_xll.TR(N11,"TR.PriceClose","SDate:"&TEXT(WORKDAY(TODAY(),-10),"yyyy-mm-dd"))} -> -0.024327687 | J11: {=(_xll.TR(N11,"TR.PriceClose")-_xll.TR(N11,"TR.PriceClose","SDate:"&EDATE(TODAY(),-3)))/_xll.TR(N11,"TR.PriceClose","SDate:"&EDATE(TODAY(),-3))} -> -0.14528975 | K11: {=(_xll.TR(N11,"TR.PriceClose")-_xll.TR(N11,"TR.PriceClose","SDate:"&EDATE(TODAY(),-12)))/_xll.TR(N11,"TR.PriceClose","SDate:"&EDATE(TODAY(),-12))} -> 0.13621343 | M11: Goldman Sachs | N11: GS.N | O11: GS5YUSAX=R
A12: Morgan Stanley | B12: America | C12: ='CDS from CapitalIQ'!C52 -> 64.0003 | D12: ='CDS from CapitalIQ'!T52 -> -0.511 | E12: ='CDS from CapitalIQ'!V52 -> 0.1516 | F12: ='CDS from CapitalIQ'!W52 -> 8.231 | G12: ='CDS from CapitalIQ'!X52 -> 5.6734 | H12: {=(_xll.TR(N12,"TR.PriceClose")-_xll.TR(N12,"TR.PriceClose","SDate:"&TEXT(WORKDAY(TODAY(),-5),"yyyy-mm-dd")))/_xll.TR(N12,"TR.PriceClose","SDate:"&TEXT(WORKDAY(TODAY(),-5),"yyyy-mm-dd"))} -> -0.0052350539 | I12: {=(_xll.TR(N12,"TR.PriceClose")-_xll.TR(N12,"TR.PriceClose","SDate:"&TEXT(WORKDAY(TODAY(),-10),"yyyy-mm-dd")))/_xll.TR(N12,"TR.PriceClose","SDate:"&TEXT(WORKDAY(TODAY(),-10),"yyyy-mm-dd"))} -> -0.014214567 | J12: {=(_xll.TR(N12,"TR.PriceClose")-_xll.TR(N12,"TR.PriceClose","SDate:"&EDATE(TODAY(),-3)))/_xll.TR(N12,"TR.PriceClose","SDate:"&EDATE(TODAY(),-3))} -> -0.14053101 | K12: {=(_xll.TR(N12,"TR.PriceClose")-_xll.TR(N12,"TR.PriceClose","SDate:"&EDATE(TODAY(),-12)))/_xll.TR(N12,"TR.PriceClose","SDate:"&EDATE(TODAY(),-12))} -> 0.22490814 | M12: Morgan Stanley | N12: MS.N | O12: MS5YUSAX=R
A13: Wells Fargo | B13: America | C13: ='CDS from CapitalIQ'!C53 -> 56.6459 | D13: ='CDS from CapitalIQ'!T53 -> -0.4798 | E13: ='CDS from CapitalIQ'!V53 -> 0.7982 | F13: ='CDS from CapitalIQ'!W53 -> 7.35 | G13: ='CDS from CapitalIQ'!X53 -> 3.3481 | H13: {=(_xll.TR(N13,"TR.PriceClose")-_xll.TR(N13,"TR.PriceClose","SDate:"&TEXT(WORKDAY(TODAY(),-5),"yyyy-mm-dd")))/_xll.TR(N13,"TR.PriceClose","SDate:"&TEXT(WORKDAY(TODAY(),-5),"yyyy-mm-dd"))} -> 0.022205864 | I13: {=(_xll.TR(N13,"TR.PriceClose")-_xll.TR(N13,"TR.PriceClose","SDate:"&TEXT(WORKDAY(TODAY(),-10),"yyyy-mm-dd")))/_xll.TR(N13,"TR.PriceClose","SDate:"&TEXT(WORKDAY(TODAY(),-10),"yyyy-mm-dd"))} -> 0.03528827 | J13: {=(_xll.TR(N13,"TR.PriceClose")-_xll.TR(N13,"TR.PriceClose","SDate:"&EDATE(TODAY(),-3)))/_xll.TR(N13,"TR.PriceClose","SDate:"&EDATE(TODAY(),-3))} -> -0.049617885 | K13: {=(_xll.TR(N13,"TR.PriceClose")-_xll.TR(N13,"TR.PriceClose","SDate:"&EDATE(TODAY(),-12)))/_xll.TR(N13,"TR.PriceClose","SDate:"&EDATE(TODAY(),-12))} -> 0.055752661 | M13: Wells Fargo | N13: WFC.N | O13: WFC5YUSAX=R
A14: State Street Bank | B14: America | C14: ='CDS from CapitalIQ'!C54 -> 55.5407 | D14: ='CDS from CapitalIQ'!T54 -> 0.2183 | E14: ='CDS from CapitalIQ'!V54 -> -1.9299 | F14: ='CDS from CapitalIQ'!W54 -> 2.6854 | G14: ='CDS from CapitalIQ'!X54 -> 1.6479 | H14: {=(_xll.TR(N14,"TR.PriceClose")-_xll.TR(N14,"TR.PriceClose","SDate:"&TEXT(WORKDAY(TODAY(),-5),"yyyy-mm-dd")))/_xll.TR(N14,"TR.PriceClose","SDate:"&TEXT(WORKDAY(TODAY(),-5),"yyyy-mm-dd"))} -> -0.0046657183 | I14: {=(_xll.TR(N14,"TR.PriceClose")-_xll.TR(N14,"TR.PriceClose","SDate:"&TEXT(WORKDAY(TODAY(),-10),"yyyy-mm-dd")))/_xll.TR(N14,"TR.PriceClose","SDate:"&TEXT(WORKDAY(TODAY(),-10),"yyyy-mm-dd"))} -> -0.01603105 | J14: {=(_xll.TR(N14,"TR.PriceClose")-_xll.TR(N14,"TR.PriceClose","SDate:"&EDATE(TODAY(),-3)))/_xll.TR(N14,"TR.PriceClose","SDate:"&EDATE(TODAY(),-3))} -> -0.01818488 | K14: {=(_xll.TR(N14,"TR.PriceClose")-_xll.TR(N14,"TR.PriceClose","SDate:"&EDATE(TODAY(),-12)))/_xll.TR(N14,"TR.PriceClose","SDate:"&EDATE(TODAY(),-12))} -> 0.53192048 | M14: State Street Bank | N14: STT.N | O14: STT5YUSAX=R
A15: France | B15: Europe Stoxx 600 Banks Index
A16: BNP Paribas SA | B16: Euro Area | C16: ='CDS from CapitalIQ'!C56 -> 63.9636 | D16: ='CDS from CapitalIQ'!T56 -> -0.0333 | E16: ='CDS from CapitalIQ'!V56 -> 5.1464 | F16: ='CDS from CapitalIQ'!W56 -> 22.2554 | G16: ='CDS from CapitalIQ'!X56 -> 15.637 | H16: {=(_xll.TR(N16,"TR.PriceClose")-_xll.TR(N16,"TR.PriceClose","SDate:"&TEXT(WORKDAY(TODAY(),-5),"yyyy-mm-dd")))/_xll.TR(N16,"TR.PriceClose","SDate:"&TEXT(WORKDAY(TODAY(),-5),"yyyy-mm-dd"))} -> -0.052581765 | I16: {=(_xll.TR(N16,"TR.PriceClose")-_xll.TR(N16,"TR.PriceClose","SDate:"&TEXT(WORKDAY(TODAY(),-10),"yyyy-mm-dd")))/_xll.TR(N16,"TR.PriceClose","SDate:"&TEXT(WORKDAY(TODAY(),-10),"yyyy-mm-dd"))} -> -0.075051335 | J16: {=(_xll.TR(N16,"TR.PriceClose")-_xll.TR(N16,"TR.PriceClose","SDate:"&EDATE(TODAY(),-3)))/_xll.TR(N16,"TR.PriceClose","SDate:"&EDATE(TODAY(),-3))} -> -0.10731272 | K16: {=(_xll.TR(N16,"TR.PriceClose")-_xll.TR(N16,"TR.PriceClose","SDate:"&EDATE(TODAY(),-12)))/_xll.TR(N16,"TR.PriceClose","SDate:"&EDATE(TODAY(),-12))} -> 0.19419406 | M16: BNP Paribas SA | N16: BNPP.PA | O16: FORB5YEUAM=R
A17: Credit Agricole SA | B17: Euro Area | C17: ='CDS from CapitalIQ'!C57 -> 59.2271 | D17: ='CDS from CapitalIQ'!T57 -> 0.1431 | E17: ='CDS from CapitalIQ'!V57 -> 5.9847 | F17: ='CDS from CapitalIQ'!W57 -> 25.5021 | G17: ='CDS from CapitalIQ'!X57 -> 13.0284 | H17: {=(_xll.TR(N17,"TR.PriceClose")-_xll.TR(N17,"TR.PriceClose","SDate:"&TEXT(WORKDAY(TODAY(),-5),"yyyy-mm-dd")))/_xll.TR(N17,"TR.PriceClose","SDate:"&TEXT(WORKDAY(TODAY(),-5),"yyyy-mm-dd"))} -> -0.045866199 | I17: {=(_xll.TR(N17,"TR.PriceClose")-_xll.TR(N17,"TR.PriceClose","SDate:"&TEXT(WORKDAY(TODAY(),-10),"yyyy-mm-dd")))/_xll.TR(N17,"TR.PriceClose","SDate:"&TEXT(WORKDAY(TODAY(),-10),"yyyy-mm-dd"))} -> -0.084127874 | J17: {=(_xll.TR(N17,"TR.PriceClose")-_xll.TR(N17,"TR.PriceClose","SDate:"&EDATE(TODAY(),-3)))/_xll.TR(N17,"TR.PriceClose","SDate:"&EDATE(TODAY(),-3))} -> -0.06951567 | K17: {=(_xll.TR(N17,"TR.PriceClose")-_xll.TR(N17,"TR.PriceClose","SDate:"&EDATE(TODAY(),-12)))/_xll.TR(N17,"TR.PriceClose","SDate:"&EDATE(TODAY(),-12))} -> -0.0091019417 | M17: Credit Agricole SA | N17: CAGR.PA | O17: CAGR5YEUAM=R
A18: Societe Generale | B18: Euro Area | C18: ='CDS from CapitalIQ'!C58 -> 68.15 | D18: ='CDS from CapitalIQ'!T58 -> -0.34 | E18: ='CDS from CapitalIQ'!V58 -> 7.9385 | F18: ='CDS from CapitalIQ'!W58 -> 26.29 | G18: ='CDS from CapitalIQ'!X58 -> 11.5721 | H18: {=(_xll.TR(N18,"TR.PriceClose")-_xll.TR(N18,"TR.PriceClose","SDate:"&TEXT(WORKDAY(TODAY(),-5),"yyyy-mm-dd")))/_xll.TR(N18,"TR.PriceClose","SDate:"&TEXT(WORKDAY(TODAY(),-5),"yyyy-mm-dd"))} -> -0.046649829 | I18: {=(_xll.TR(N18,"TR.PriceClose")-_xll.TR(N18,"TR.PriceClose","SDate:"&TEXT(WORKDAY(TODAY(),-10),"yyyy-mm-dd")))/_xll.TR(N18,"TR.PriceClose","SDate:"&TEXT(WORKDAY(TODAY(),-10),"yyyy-mm-dd"))} -> -0.091462551 | J18: {=(_xll.TR(N18,"TR.PriceClose")-_xll.TR(N18,"TR.PriceClose","SDate:"&EDATE(TODAY(),-3)))/_xll.TR(N18,"TR.PriceClose","SDate:"&EDATE(TODAY(),-3))} -> -0.14027331 | K18: {=(_xll.TR(N18,"TR.PriceClose")-_xll.TR(N18,"TR.PriceClose","SDate:"&EDATE(TODAY(),-12)))/_xll.TR(N18,"TR.PriceClose","SDate:"&EDATE(TODAY(),-12))} -> 0.19452718 | M18: Societe Generale | N18: SOGN.PA | O18: SG5YEUAM=R
A19: Switzerland
A20: UBS Group AG | B20: Other Euro | C20: ='CDS from CapitalIQ'!C60 -> 57.6526 | D20: ='CDS from CapitalIQ'!T60 -> -0.0082 | E20: ='CDS from CapitalIQ'!V60 -> 3.6382 | F20: ='CDS from CapitalIQ'!W60 -> 10.7883 | G20: ='CDS from CapitalIQ'!X60 -> 4.6384 | H20: {=(_xll.TR(N20,"TR.PriceClose")-_xll.TR(N20,"TR.PriceClose","SDate:"&TEXT(WORKDAY(TODAY(),-5),"yyyy-mm-dd")))/_xll.TR(N20,"TR.PriceClose","SDate:"&TEXT(WORKDAY(TODAY(),-5),"yyyy-mm-dd"))} -> -0.013803303 | I20: {=(_xll.TR(N20,"TR.PriceClose")-_xll.TR(N20,"TR.PriceClose","SDate:"&TEXT(WORKDAY(TODAY(),-10),"yyyy-mm-dd")))/_xll.TR(N20,"TR.PriceClose","SDate:"&TEXT(WORKDAY(TODAY(),-10),"yyyy-mm-dd"))} -> -0.012830002 | J20: {=(_xll.TR(N20,"TR.PriceClose")-_xll.TR(N20,"TR.PriceClose","SDate:"&EDATE(TODAY(),-3)))/_xll.TR(N20,"TR.PriceClose","SDate:"&EDATE(TODAY(),-3))} -> -0.052793561 | K20: {=(_xll.TR(N20,"TR.PriceClose")-_xll.TR(N20,"TR.PriceClose","SDate:"&EDATE(TODAY(),-12)))/_xll.TR(N20,"TR.PriceClose","SDate:"&EDATE(TODAY(),-12))} -> 0.23183498 | M20: UBS Group AG | N20: UBSG.S | O20: UBSJ5YEUAM=R
A21: U.K.
A22: Barclays Bank PLC | B22: Euro Area | C22: ='CDS from CapitalIQ'!C63 -> 72.9514 | D22: ='CDS from CapitalIQ'!T63 -> -0.2498 | E22: ='CDS from CapitalIQ'!T63 -> -0.2498 | F22: ='CDS from CapitalIQ'!V63 -> 5.5085 | G22: ='CDS from CapitalIQ'!X63 -> 0.9505 | H22: {=(_xll.TR(N22,"TR.PriceClose")-_xll.TR(N22,"TR.PriceClose","SDate:"&TEXT(WORKDAY(TODAY(),-5),"yyyy-mm-dd")))/_xll.TR(N22,"TR.PriceClose","SDate:"&TEXT(WORKDAY(TODAY(),-5),"yyyy-mm-dd"))} -> -0.02168567 | I22: {=(_xll.TR(N22,"TR.PriceClose")-_xll.TR(N22,"TR.PriceClose","SDate:"&TEXT(WORKDAY(TODAY(),-10),"yyyy-mm-dd")))/_xll.TR(N22,"TR.PriceClose","SDate:"&TEXT(WORKDAY(TODAY(),-10),"yyyy-mm-dd"))} -> -0.046623094 | J22: {=(_xll.TR(N22,"TR.PriceClose")-_xll.TR(N22,"TR.PriceClose","SDate:"&EDATE(TODAY(),-3)))/_xll.TR(N22,"TR.PriceClose","SDate:"&EDATE(TODAY(),-3))} -> -0.14196078 | K22: {=(_xll.TR(N22,"TR.PriceClose")-_xll.TR(N22,"TR.PriceClose","SDate:"&EDATE(TODAY(),-12)))/_xll.TR(N22,"TR.PriceClose","SDate:"&EDATE(TODAY(),-12))} -> 0.16786763 | M22: Barclays Bank PLC | N22: BARC.L | O22: BARC5YEUAM=R
A23: HSBC Holdings PLC | B23: Euro Area | C23: ='CDS from CapitalIQ'!C64 -> 49.0282 | D23: ='CDS from CapitalIQ'!T64 -> -0.2462 | E23: ='CDS from CapitalIQ'!T64 -> -0.2462 | F23: ='CDS from CapitalIQ'!V64 -> 3.2325 | G23: ='CDS from CapitalIQ'!X64 -> -4.3576 | H23: {=(_xll.TR(N23,"TR.PriceClose")-_xll.TR(N23,"TR.PriceClose","SDate:"&TEXT(WORKDAY(TODAY(),-5),"yyyy-mm-dd")))/_xll.TR(N23,"TR.PriceClose","SDate:"&TEXT(WORKDAY(TODAY(),-5),"yyyy-mm-dd"))} -> -0.029751392 | I23: {=(_xll.TR(N23,"TR.PriceClose")-_xll.TR(N23,"TR.PriceClose","SDate:"&TEXT(WORKDAY(TODAY(),-10),"yyyy-mm-dd")))/_xll.TR(N23,"TR.PriceClose","SDate:"&TEXT(WORKDAY(TODAY(),-10),"yyyy-mm-dd"))} -> -0.054039735 | J23: {=(_xll.TR(N23,"TR.PriceClose")-_xll.TR(N23,"TR.PriceClose","SDate:"&EDATE(TODAY(),-3)))/_xll.TR(N23,"TR.PriceClose","SDate:"&EDATE(TODAY(),-3))} -> -0.022982216 | K23: {=(_xll.TR(N23,"TR.PriceClose")-_xll.TR(N23,"TR.PriceClose","SDate:"&EDATE(TODAY(),-12)))/_xll.TR(N23,"TR.PriceClose","SDate:"&EDATE(TODAY(),-12))} -> 0.43977422 | M23: HSBC Holdings PLC | N23: HSBA.L | O23: HSBA5YEUAM=R
A24: RBS Group PLC | B24: Euro Area | C24: ='CDS from CapitalIQ'!C65 -> 67.5573 | D24: ='CDS from CapitalIQ'!T65 -> -0.7267 | E24: ='CDS from CapitalIQ'!T65 -> -0.7267 | F24: ='CDS from CapitalIQ'!V65 -> 2.8958 | G24: ='CDS from CapitalIQ'!X65 -> 4.2476 | H24: {=(_xll.TR(N24,"TR.PriceClose")-_xll.TR(N24,"TR.PriceClose","SDate:"&TEXT(WORKDAY(TODAY(),-5),"yyyy-mm-dd")))/_xll.TR(N24,"TR.PriceClose","SDate:"&TEXT(WORKDAY(TODAY(),-5),"yyyy-mm-dd"))} -> -0.02214243 | I24: {=(_xll.TR(N24,"TR.PriceClose")-_xll.TR(N24,"TR.PriceClose","SDate:"&TEXT(WORKDAY(TODAY(),-10),"yyyy-mm-dd")))/_xll.TR(N24,"TR.PriceClose","SDate:"&TEXT(WORKDAY(TODAY(),-10),"yyyy-mm-dd"))} -> -0.05 | J24: {=(_xll.TR(N24,"TR.PriceClose")-_xll.TR(N24,"TR.PriceClose","SDate:"&EDATE(TODAY(),-3)))/_xll.TR(N24,"TR.PriceClose","SDate:"&EDATE(TODAY(),-3))} -> -0.0021374046 | K24: {=(_xll.TR(N24,"TR.PriceClose")-_xll.TR(N24,"TR.PriceClose","SDate:"&EDATE(TODAY(),-12)))/_xll.TR(N24,"TR.PriceClose","SDate:"&EDATE(TODAY(),-12))} -> 0.20147059 | M24: RBS Group PLC | N24: NWG.L | O24: RBS5YEUAM=R
A25: Standard Chartered | B25: Euro Area | C25: ='CDS from CapitalIQ'!C66 -> 53.8167 | D25: ='CDS from CapitalIQ'!T66 -> 0.2214 | E25: ='CDS from CapitalIQ'!T66 -> 0.2214 | F25: ='CDS from CapitalIQ'!V66 -> 4.3335 | G25: ='CDS from CapitalIQ'!X66 -> -4.9302 | H25: {=(_xll.TR(N25,"TR.PriceClose")-_xll.TR(N25,"TR.PriceClose","SDate:"&TEXT(WORKDAY(TODAY(),-5),"yyyy-mm-dd")))/_xll.TR(N25,"TR.PriceClose","SDate:"&TEXT(WORKDAY(TODAY(),-5),"yyyy-mm-dd"))} -> -0.041722148 | I25: {=(_xll.TR(N25,"TR.PriceClose")-_xll.TR(N25,"TR.PriceClose","SDate:"&TEXT(WORKDAY(TODAY(),-10),"yyyy-mm-dd")))/_xll.TR(N25,"TR.PriceClose","SDate:"&TEXT(WORKDAY(TODAY(),-10),"yyyy-mm-dd"))} -> -0.072992701 | J25: {=(_xll.TR(N25,"TR.PriceClose")-_xll.TR(N25,"TR.PriceClose","SDate:"&EDATE(TODAY(),-3)))/_xll.TR(N25,"TR.PriceClose","SDate:"&EDATE(TODAY(),-3))} -> 0.028095238 | K25: {=(_xll.TR(N25,"TR.PriceClose")-_xll.TR(N25,"TR.PriceClose","SDate:"&EDATE(TODAY(),-12)))/_xll.TR(N25,"TR.PriceClose","SDate:"&EDATE(TODAY(),-12))} -> 0.48896552 | M25: Standard Chartered | N25: STAN.L | O25: STAN5YEUAM=R
A26: Germany
A27: Deutsche Bank AG | B27: Euro Area | C27: ='CDS from CapitalIQ'!C68 -> 57.75 | D27: ='CDS from CapitalIQ'!T68 -> 0.2565 | E27: ='CDS from CapitalIQ'!V68 -> 3.9197 | F27: ='CDS from CapitalIQ'!W68 -> 11.3175 | G27: ='CDS from CapitalIQ'!X68 -> 0.0423 | H27: {=(_xll.TR(N27,"TR.PriceClose")-_xll.TR(N27,"TR.PriceClose","SDate:"&TEXT(WORKDAY(TODAY(),-5),"yyyy-mm-dd")))/_xll.TR(N27,"TR.PriceClose","SDate:"&TEXT(WORKDAY(TODAY(),-5),"yyyy-mm-dd"))} -> -0.035503901 | I27: {=(_xll.TR(N27,"TR.PriceClose")-_xll.TR(N27,"TR.PriceClose","SDate:"&TEXT(WORKDAY(TODAY(),-10),"yyyy-mm-dd")))/_xll.TR(N27,"TR.PriceClose","SDate:"&TEXT(WORKDAY(TODAY(),-10),"yyyy-mm-dd"))} -> -0.045984252 | J27: {=(_xll.TR(N27,"TR.PriceClose")-_xll.TR(N27,"TR.PriceClose","SDate:"&EDATE(TODAY(),-3)))/_xll.TR(N27,"TR.PriceClose","SDate:"&EDATE(TODAY(),-3))} -> -0.022903226 | K27: {=(_xll.TR(N27,"TR.PriceClose")-_xll.TR(N27,"TR.PriceClose","SDate:"&EDATE(TODAY(),-12)))/_xll.TR(N27,"TR.PriceClose","SDate:"&EDATE(TODAY(),-12))} -> -0.0068852459 | M27: Deutsche Bank AG | N27: DBKGn.DE | O27: DB5YEUAM=R
A28: Commerzbank | B28: Euro Area | C28: ='CDS from CapitalIQ'!C69 -> 44.2435 | D28: ='CDS from CapitalIQ'!T69 -> -0.3815 | E28: ='CDS from CapitalIQ'!V69 -> 3.555 | F28: ='CDS from CapitalIQ'!W69 -> 6.8675 | G28: ='CDS from CapitalIQ'!X69 -> -0.4708 | H28: {=(_xll.TR(N28,"TR.PriceClose")-_xll.TR(N28,"TR.PriceClose","SDate:"&TEXT(WORKDAY(TODAY(),-5),"yyyy-mm-dd")))/_xll.TR(N28,"TR.PriceClose","SDate:"&TEXT(WORKDAY(TODAY(),-5),"yyyy-mm-dd"))} -> -0.047952048 | I28: {=(_xll.TR(N28,"TR.PriceClose")-_xll.TR(N28,"TR.PriceClose","SDate:"&TEXT(WORKDAY(TODAY(),-10),"yyyy-mm-dd")))/_xll.TR(N28,"TR.PriceClose","SDate:"&TEXT(WORKDAY(TODAY(),-10),"yyyy-mm-dd"))} -> -0.092164801 | J28: {=(_xll.TR(N28,"TR.PriceClose")-_xll.TR(N28,"TR.PriceClose","SDate:"&EDATE(TODAY(),-3)))/_xll.TR(N28,"TR.PriceClose","SDate:"&EDATE(TODAY(),-3))} -> -0.018790219 | K28: {=(_xll.TR(N28,"TR.PriceClose")-_xll.TR(N28,"TR.PriceClose","SDate:"&EDATE(TODAY(),-12)))/_xll.TR(N28,"TR.PriceClose","SDate:"&EDATE(TODAY(),-12))} -> 0.22690698 | M28: Commerzbank | N28: CBKG.DE | O28: CBKG5YEUAM=R
A29: Denmark
A30: Danske | B30: Other Euro | C30: ='CDS from CapitalIQ'!C71 -> 30.75 | D30: ='CDS from CapitalIQ'!T71 -> -0.1313 | E30: ='CDS from CapitalIQ'!V71 -> 2.4917 | F30: ='CDS from CapitalIQ'!W71 -> 5.77 | G30: ='CDS from CapitalIQ'!X71 -> -5.8004 | H30: {=(_xll.TR(N30,"TR.PriceClose")-_xll.TR(N30,"TR.PriceClose","SDate:"&TEXT(WORKDAY(TODAY(),-5),"yyyy-mm-dd")))/_xll.TR(N30,"TR.PriceClose","SDate:"&TEXT(WORKDAY(TODAY(),-5),"yyyy-mm-dd"))} -> -0.018883415 | I30: {=(_xll.TR(N30,"TR.PriceClose")-_xll.TR(N30,"TR.PriceClose","SDate:"&TEXT(WORKDAY(TODAY(),-10),"yyyy-mm-dd")))/_xll.TR(N30,"TR.PriceClose","SDate:"&TEXT(WORKDAY(TODAY(),-10),"yyyy-mm-dd"))} -> -0.057323166 | J30: {=(_xll.TR(N30,"TR.PriceClose")-_xll.TR(N30,"TR.PriceClose","SDate:"&EDATE(TODAY(),-3)))/_xll.TR(N30,"TR.PriceClose","SDate:"&EDATE(TODAY(),-3))} -> -0.019688269 | K30: {=(_xll.TR(N30,"TR.PriceClose")-_xll.TR(N30,"TR.PriceClose","SDate:"&EDATE(TODAY(),-12)))/_xll.TR(N30,"TR.PriceClose","SDate:"&EDATE(TODAY(),-12))} -> 0.31898455 | M30: Danske | N30: DANSKE.CO | O30: DDBA5YEUAM=R
A31: Japan | B31: TOPIX Banks Index
A32: Mitsubishi | B32: Asia | C32: ='CDS from CapitalIQ'!C73 -> 43.3178 | D32: ='CDS from CapitalIQ'!T73 -> 0.0489 | E32: ='CDS from CapitalIQ'!V73 -> -0.0259 | F32: ='CDS from CapitalIQ'!W73 -> 2.1441 | G32: ='CDS from CapitalIQ'!X73 -> 9.154 | H32: {=(_xll.TR(N32,"TR.PriceClose")-_xll.TR(N32,"TR.PriceClose","SDate:"&TEXT(WORKDAY(TODAY(),-5),"yyyy-mm-dd")))/_xll.TR(N32,"TR.PriceClose","SDate:"&TEXT(WORKDAY(TODAY(),-5),"yyyy-mm-dd"))} -> -0.032688641 | I32: {=(_xll.TR(N32,"TR.PriceClose")-_xll.TR(N32,"TR.PriceClose","SDate:"&TEXT(WORKDAY(TODAY(),-10),"yyyy-mm-dd")))/_xll.TR(N32,"TR.PriceClose","SDate:"&TEXT(WORKDAY(TODAY(),-10),"yyyy-mm-dd"))} -> -0.011414254 | J32: {=(_xll.TR(N32,"TR.PriceClose")-_xll.TR(N32,"TR.PriceClose","SDate:"&EDATE(TODAY(),-3)))/_xll.TR(N32,"TR.PriceClose","SDate:"&EDATE(TODAY(),-3))} -> 0.002824061 | K32: {=(_xll.TR(N32,"TR.PriceClose")-_xll.TR(N32,"TR.PriceClose","SDate:"&EDATE(TODAY(),-12)))/_xll.TR(N32,"TR.PriceClose","SDate:"&EDATE(TODAY(),-12))} -> 0.55404814 | M32: Mitsubishi UFJ | N32: 8306.T | O32: MTFB5YJPAC=R
A33: Sumitomo | B33: Asia | C33: ='CDS from CapitalIQ'!C74 -> 44.9231 | D33: ='CDS from CapitalIQ'!T74 -> -0.7048 | E33: ='CDS from CapitalIQ'!V74 -> 0.7973 | F33: ='CDS from CapitalIQ'!W74 -> 3.6713 | G33: ='CDS from CapitalIQ'!X74 -> 15.2153 | H33: {=(_xll.TR(N33,"TR.PriceClose")-_xll.TR(N33,"TR.PriceClose","SDate:"&TEXT(WORKDAY(TODAY(),-5),"yyyy-mm-dd")))/_xll.TR(N33,"TR.PriceClose","SDate:"&TEXT(WORKDAY(TODAY(),-5),"yyyy-mm-dd"))} -> -0.023913677 | I33: {=(_xll.TR(N33,"TR.PriceClose")-_xll.TR(N33,"TR.PriceClose","SDate:"&TEXT(WORKDAY(TODAY(),-10),"yyyy-mm-dd")))/_xll.TR(N33,"TR.PriceClose","SDate:"&TEXT(WORKDAY(TODAY(),-10),"yyyy-mm-dd"))} -> -0.0029788502 | J33: {=(_xll.TR(N33,"TR.PriceClose")-_xll.TR(N33,"TR.PriceClose","SDate:"&EDATE(TODAY(),-3)))/_xll.TR(N33,"TR.PriceClose","SDate:"&EDATE(TODAY(),-3))} -> -0.033357401 | K33: {=(_xll.TR(N33,"TR.PriceClose")-_xll.TR(N33,"TR.PriceClose","SDate:"&EDATE(TODAY(),-12)))/_xll.TR(N33,"TR.PriceClose","SDate:"&EDATE(TODAY(),-12))} -> 0.67727387 | M33: Sumitomo | N33: 8316.T | O33: SANG5YJPAC=R
A34: Mizuho | B34: Asia | C34: ='CDS from CapitalIQ'!C75 -> 56.5179 | D34: ='CDS from CapitalIQ'!T75 -> -0.0024 | E34: ='CDS from CapitalIQ'!V75 -> -0.0763 | F34: ='CDS from CapitalIQ'!W75 -> 15.3698 | G34: ='CDS from CapitalIQ'!X75 -> 0.7364 | H34: {=(_xll.TR(N34,"TR.PriceClose")-_xll.TR(N34,"TR.PriceClose","SDate:"&TEXT(WORKDAY(TODAY(),-5),"yyyy-mm-dd")))/_xll.TR(N34,"TR.PriceClose","SDate:"&TEXT(WORKDAY(TODAY(),-5),"yyyy-mm-dd"))} -> -0.054307328 | I34: {=(_xll.TR(N34,"TR.PriceClose")-_xll.TR(N34,"TR.PriceClose","SDate:"&TEXT(WORKDAY(TODAY(),-10),"yyyy-mm-dd")))/_xll.TR(N34,"TR.PriceClose","SDate:"&TEXT(WORKDAY(TODAY(),-10),"yyyy-mm-dd"))} -> -0.011331445 | J34: {=(_xll.TR(N34,"TR.PriceClose")-_xll.TR(N34,"TR.PriceClose","SDate:"&EDATE(TODAY(),-3)))/_xll.TR(N34,"TR.PriceClose","SDate:"&EDATE(TODAY(),-3))} -> -0.0048710942 | K34: {=(_xll.TR(N34,"TR.PriceClose")-_xll.TR(N34,"TR.PriceClose","SDate:"&EDATE(TODAY(),-12)))/_xll.TR(N34,"TR.PriceClose","SDate:"&EDATE(TODAY(),-12))} -> 0.76114382 | M34: Mizuho | N34: 8411.T | O34: MZFC5YUSAC=R
A35: Daiwa | B35: Asia | C35: ='CDS from CapitalIQ'!C76 -> 69.4133 | D35: ='CDS from CapitalIQ'!T76 -> -1.055 | E35: ='CDS from CapitalIQ'!V76 -> 0.0518 | F35: ='CDS from CapitalIQ'!W76 -> 4.8689 | G35: ='CDS from CapitalIQ'!X76 -> -1.9728 | H35: {=(_xll.TR(N35,"TR.PriceClose")-_xll.TR(N35,"TR.PriceClose","SDate:"&TEXT(WORKDAY(TODAY(),-5),"yyyy-mm-dd")))/_xll.TR(N35,"TR.PriceClose","SDate:"&TEXT(WORKDAY(TODAY(),-5),"yyyy-mm-dd"))} -> 0.0039492243 | I35: {=(_xll.TR(N35,"TR.PriceClose")-_xll.TR(N35,"TR.PriceClose","SDate:"&TEXT(WORKDAY(TODAY(),-10),"yyyy-mm-dd")))/_xll.TR(N35,"TR.PriceClose","SDate:"&TEXT(WORKDAY(TODAY(),-10),"yyyy-mm-dd"))} -> -0.0036394177 | J35: {=(_xll.TR(N35,"TR.PriceClose")-_xll.TR(N35,"TR.PriceClose","SDate:"&EDATE(TODAY(),-3)))/_xll.TR(N35,"TR.PriceClose","SDate:"&EDATE(TODAY(),-3))} -> 0.0014068655 | K35: {=(_xll.TR(N35,"TR.PriceClose")-_xll.TR(N35,"TR.PriceClose","SDate:"&EDATE(TODAY(),-12)))/_xll.TR(N35,"TR.PriceClose","SDate:"&EDATE(TODAY(),-12))} -> 0.52485004 | M35: Daiwa | N35: 8601.T | O35: DWAS5YJPAC=R
A36: Nomura | B36: Asia | C36: ='CDS from CapitalIQ'!C77 -> 72.176 | D36: ='CDS from CapitalIQ'!T77 -> -2.5888 | E36: ='CDS from CapitalIQ'!V77 -> -2.5811 | F36: ='CDS from CapitalIQ'!W77 -> -3.0378 | G36: ='CDS from CapitalIQ'!X77 -> 0.985 | H36: {=(_xll.TR(N36,"TR.PriceClose")-_xll.TR(N36,"TR.PriceClose","SDate:"&TEXT(WORKDAY(TODAY(),-5),"yyyy-mm-dd")))/_xll.TR(N36,"TR.PriceClose","SDate:"&TEXT(WORKDAY(TODAY(),-5),"yyyy-mm-dd"))} -> -0.011385817 | I36: {=(_xll.TR(N36,"TR.PriceClose")-_xll.TR(N36,"TR.PriceClose","SDate:"&TEXT(WORKDAY(TODAY(),-10),"yyyy-mm-dd")))/_xll.TR(N36,"TR.PriceClose","SDate:"&TEXT(WORKDAY(TODAY(),-10),"yyyy-mm-dd"))} -> -0.0065380843 | J36: {=(_xll.TR(N36,"TR.PriceClose")-_xll.TR(N36,"TR.PriceClose","SDate:"&TEXT(WORKDAY(TODAY(),-65),"yyyy-mm-dd")))/_xll.TR(N36,"TR.PriceClose","SDate:"&TEXT(WORKDAY(TODAY(),-65),"yyyy-mm-dd"))} -> -0.021571153 | K36: {=(_xll.TR(N36,"TR.PriceClose")-_xll.TR(N36,"TR.PriceClose","SDate:"&EDATE(TODAY(),-12)))/_xll.TR(N36,"TR.PriceClose","SDate:"&EDATE(TODAY(),-12))} -> 0.43349057 | M36: Nomura | N36: 8604.T | O36: NMH5YJPAC=R
A37: Canada | B37: S&P/TSX Composite Banks Index
A38: Bank of Nova Scotia | B38: America | C38: ='CDS from CapitalIQ'!C79 -> 63.7516 | D38: ='CDS from CapitalIQ'!T79 -> 0.5496 | E38: ='CDS from CapitalIQ'!V79 -> -0.8981 | F38: ='CDS from CapitalIQ'!W79 -> 2.2516 | G38: ='CDS from CapitalIQ'!X79 -> 15.6649 | H38: {=(_xll.TR(N38,"TR.PriceClose")-_xll.TR(N38,"TR.PriceClose","SDate:"&TEXT(WORKDAY(TODAY(),-5),"yyyy-mm-dd")))/_xll.TR(N38,"TR.PriceClose","SDate:"&TEXT(WORKDAY(TODAY(),-5),"yyyy-mm-dd"))} -> -0.017233313 | I38: {=(_xll.TR(N38,"TR.PriceClose")-_xll.TR(N38,"TR.PriceClose","SDate:"&TEXT(WORKDAY(TODAY(),-10),"yyyy-mm-dd")))/_xll.TR(N38,"TR.PriceClose","SDate:"&TEXT(WORKDAY(TODAY(),-10),"yyyy-mm-dd"))} -> -0.040063981 | J38: {=(_xll.TR(N38,"TR.PriceClose")-_xll.TR(N38,"TR.PriceClose","SDate:"&TEXT(WORKDAY(TODAY(),-65),"yyyy-mm-dd")))/_xll.TR(N38,"TR.PriceClose","SDate:"&TEXT(WORKDAY(TODAY(),-65),"yyyy-mm-dd"))} -> 0.0062275449 | K38: {=(_xll.TR(N38,"TR.PriceClose")-_xll.TR(N38,"TR.PriceClose","SDate:"&EDATE(TODAY(),-12)))/_xll.TR(N38,"TR.PriceClose","SDate:"&EDATE(TODAY(),-12))} -> 0.41861774 | M38: Bank of Nova Scotia | N38: BNS.TO | O38: BNS5YUSAX=R
A39: BMO | B39: America | C39: ='CDS from CapitalIQ'!C80 -> 55.8903 | D39: ='CDS from CapitalIQ'!T80 -> -0.3354 | E39: ='CDS from CapitalIQ'!V80 -> 0.3471 | F39: ='CDS from CapitalIQ'!W80 -> -0.6097 | G39: ='CDS from CapitalIQ'!X80 -> 3.8819 | H39: {=(_xll.TR(N39,"TR.PriceClose")-_xll.TR(N39,"TR.PriceClose","SDate:"&TEXT(WORKDAY(TODAY(),-5),"yyyy-mm-dd")))/_xll.TR(N39,"TR.PriceClose","SDate:"&TEXT(WORKDAY(TODAY(),-5),"yyyy-mm-dd"))} -> -0.017358171 | I39: {=(_xll.TR(N39,"TR.PriceClose")-_xll.TR(N39,"TR.PriceClose","SDate:"&TEXT(WORKDAY(TODAY(),-10),"yyyy-mm-dd")))/_xll.TR(N39,"TR.PriceClose","SDate:"&TEXT(WORKDAY(TODAY(),-10),"yyyy-mm-dd"))} -> -0.035689061 | J39: {=(_xll.TR(N39,"TR.PriceClose")-_xll.TR(N39,"TR.PriceClose","SDate:"&TEXT(WORKDAY(TODAY(),-65),"yyyy-mm-dd")))/_xll.TR(N39,"TR.PriceClose","SDate:"&TEXT(WORKDAY(TODAY(),-65),"yyyy-mm-dd"))} -> -0.08783651 | K39: {=(_xll.TR(N39,"TR.PriceClose")-_xll.TR(N39,"TR.PriceClose","SDate:"&EDATE(TODAY(),-12)))/_xll.TR(N39,"TR.PriceClose","SDate:"&EDATE(TODAY(),-12))} -> 0.31889987 | M39: BMO | N39: BMO.TO | O39: BMO5YUSAX=FN
A40: CIBC | B40: America | C40: ='CDS from CapitalIQ'!C81 -> 62.7372 | D40: ='CDS from CapitalIQ'!T81 -> -0.7628 | E40: ='CDS from CapitalIQ'!V81 -> -1.1401 | F40: ='CDS from CapitalIQ'!W81 -> 0.4039 | G40: ='CDS from CapitalIQ'!X81 -> 13.9348 | H40: {=(_xll.TR(N40,"TR.PriceClose")-_xll.TR(N40,"TR.PriceClose","SDate:"&TEXT(WORKDAY(TODAY(),-5),"yyyy-mm-dd")))/_xll.TR(N40,"TR.PriceClose","SDate:"&TEXT(WORKDAY(TODAY(),-5),"yyyy-mm-dd"))} -> -0.019035613 | I40: {=(_xll.TR(N40,"TR.PriceClose")-_xll.TR(N40,"TR.PriceClose","SDate:"&TEXT(WORKDAY(TODAY(),-10),"yyyy-mm-dd")))/_xll.TR(N40,"TR.PriceClose","SDate:"&TEXT(WORKDAY(TODAY(),-10),"yyyy-mm-dd"))} -> -0.018540708 | J40: {=(_xll.TR(N40,"TR.PriceClose")-_xll.TR(N40,"TR.PriceClose","SDate:"&TEXT(WORKDAY(TODAY(),-65),"yyyy-mm-dd")))/_xll.TR(N40,"TR.PriceClose","SDate:"&TEXT(WORKDAY(TODAY(),-65),"yyyy-mm-dd"))} -> -0.066294696 | K40: {=(_xll.TR(N40,"TR.PriceClose")-_xll.TR(N40,"TR.PriceClose","SDate:"&EDATE(TODAY(),-12)))/_xll.TR(N40,"TR.PriceClose","SDate:"&EDATE(TODAY(),-12))} -> 0.39179038 | M40: CIBC | N40: CM.TO | O40: CM5YUSAX=R
A41: TD | B41: America | C41: ='CDS from CapitalIQ'!C82 -> 60.3326 | D41: ='CDS from CapitalIQ'!T82 -> -0.6674 | E41: ='CDS from CapitalIQ'!V82 -> -0.1674 | F41: ='CDS from CapitalIQ'!W82 -> 3.8326 | G41: ='CDS from CapitalIQ'!X82 -> 17.4094 | H41: {=(_xll.TR(N41,"TR.PriceClose")-_xll.TR(N41,"TR.PriceClose","SDate:"&TEXT(WORKDAY(TODAY(),-5),"yyyy-mm-dd")))/_xll.TR(N41,"TR.PriceClose","SDate:"&TEXT(WORKDAY(TODAY(),-5),"yyyy-mm-dd"))} -> -0.02302749 | I41: {=(_xll.TR(N41,"TR.PriceClose")-_xll.TR(N41,"TR.PriceClose","SDate:"&TEXT(WORKDAY(TODAY(),-10),"yyyy-mm-dd")))/_xll.TR(N41,"TR.PriceClose","SDate:"&TEXT(WORKDAY(TODAY(),-10),"yyyy-mm-dd"))} -> -0.027483267 | J41: {=(_xll.TR(N41,"TR.PriceClose")-_xll.TR(N41,"TR.PriceClose","SDate:"&TEXT(WORKDAY(TODAY(),-65),"yyyy-mm-dd")))/_xll.TR(N41,"TR.PriceClose","SDate:"&TEXT(WORKDAY(TODAY(),-65),"yyyy-mm-dd"))} -> -0.049881373 | K41: {=(_xll.TR(N41,"TR.PriceClose")-_xll.TR(N41,"TR.PriceClose","SDate:"&EDATE(TODAY(),-12)))/_xll.TR(N41,"TR.PriceClose","SDate:"&EDATE(TODAY(),-12))} -> 0.49562762 | M41: TD | N41: TD.TO | O41: TD5YUSAX=FN
A42: RBC | B42: America | C42: ='CDS from CapitalIQ'!C83 -> 61.6992 | D42: {=_xll.TR(O42,"MID_SPREAD")*_xll.TR(O42,"PCTCHG_1W")/(100+_xll.TR(O42,"PCTCHG_1W"))} -> -1.9774791 | E42: ='CDS from CapitalIQ'!V83 -> -1.0373 | F42: ='CDS from CapitalIQ'!W83 -> 1.1969 | G42: ='CDS from CapitalIQ'!X83 -> 10.7484 | H42: {=(_xll.TR(N42,"TR.PriceClose")-_xll.TR(N42,"TR.PriceClose","SDate:"&TEXT(WORKDAY(TODAY(),-5),"yyyy-mm-dd")))/_xll.TR(N42,"TR.PriceClose","SDate:"&TEXT(WORKDAY(TODAY(),-5),"yyyy-mm-dd"))} -> -0.019377485 | I42: {=(_xll.TR(N42,"TR.PriceClose")-_xll.TR(N42,"TR.PriceClose","SDate:"&TEXT(WORKDAY(TODAY(),-10),"yyyy-mm-dd")))/_xll.TR(N42,"TR.PriceClose","SDate:"&TEXT(WORKDAY(TODAY(),-10),"yyyy-mm-dd"))} -> -0.033535724 | J42: {=(_xll.TR(N42,"TR.PriceClose")-_xll.TR(N42,"TR.PriceClose","SDate:"&TEXT(WORKDAY(TODAY(),-65),"yyyy-mm-dd")))/_xll.TR(N42,"TR.PriceClose","SDate:"&TEXT(WORKDAY(TODAY(),-65),"yyyy-mm-dd"))} -> -0.090280778 | K42: {=(_xll.TR(N42,"TR.PriceClose")-_xll.TR(N42,"TR.PriceClose","SDate:"&EDATE(TODAY(),-12)))/_xll.TR(N42,"TR.PriceClose","SDate:"&EDATE(TODAY(),-12))} -> 0.36073559 | M42: RBC | N42: RY.TO | O42: RY5YUSAX=R
A43: Nationale | B43: America | C43: ='CDS from CapitalIQ'!C84 -> 55.8787 | D43: ='CDS from CapitalIQ'!T84 -> -0.1485 | E43: ='CDS from CapitalIQ'!V84 -> -0.0497 | F43: ='CDS from CapitalIQ'!W84 -> -4.6014 | G43: ='CDS from CapitalIQ'!X84 -> 3.2471 | H43: {=(_xll.TR(N43,"TR.PriceClose")-_xll.TR(N43,"TR.PriceClose","SDate:"&TEXT(WORKDAY(TODAY(),-5),"yyyy-mm-dd")))/_xll.TR(N43,"TR.PriceClose","SDate:"&TEXT(WORKDAY(TODAY(),-5),"yyyy-mm-dd"))} -> -0.030163549 | I43: {=(_xll.TR(N43,"TR.PriceClose")-_xll.TR(N43,"TR.PriceClose","SDate:"&TEXT(WORKDAY(TODAY(),-10),"yyyy-mm-dd")))/_xll.TR(N43,"TR.PriceClose","SDate:"&TEXT(WORKDAY(TODAY(),-10),"yyyy-mm-dd"))} -> -0.046871992 | J43: {=(_xll.TR(N43,"TR.PriceClose")-_xll.TR(N43,"TR.PriceClose","SDate:"&TEXT(WORKDAY(TODAY(),-65),"yyyy-mm-dd")))/_xll.TR(N43,"TR.PriceClose","SDate:"&TEXT(WORKDAY(TODAY(),-65),"yyyy-mm-dd"))} -> -0.1392064 | K43: {=(_xll.TR(N43,"TR.PriceClose")-_xll.TR(N43,"TR.PriceClose","SDate:"&EDATE(TODAY(),-12)))/_xll.TR(N43,"TR.PriceClose","SDate:"&EDATE(TODAY(),-12))} -> 0.32242772 | M43: Nationale | N43: NA.TO | O43: NA5YUSAX=R
A44: Laurentian | B44: America | C44: {=_xll.TR(O44,"MID_SPREAD")} -> The record could not be found (Error code: 0) | D44: {=_xll.TR(O44,"MID_SPREAD")*_xll.TR(O44,"PCTCHG_1W")/(100+_xll.TR(O44,"PCTCHG_1W"))} -> #VALUE! | E44: ='CDS from CapitalIQ'!V85 -> 0 | F44: ='CDS from CapitalIQ'!W85 -> 0 | G44: ='CDS from CapitalIQ'!X85 -> 0 | H44: {=(_xll.TR(N44,"TR.PriceClose")-_xll.TR(N44,"TR.PriceClose","SDate:"&TEXT(WORKDAY(TODAY(),-5),"yyyy-mm-dd")))/_xll.TR(N44,"TR.PriceClose","SDate:"&TEXT(WORKDAY(TODAY(),-5),"yyyy-mm-dd"))} -> 0.001240387 | I44: {=(_xll.TR(N44,"TR.PriceClose")-_xll.TR(N44,"TR.PriceClose","SDate:"&TEXT(WORKDAY(TODAY(),-10),"yyyy-mm-dd")))/_xll.TR(N44,"TR.PriceClose","SDate:"&TEXT(WORKDAY(TODAY(),-10),"yyyy-mm-dd"))} -> -0.007622326 | J44: {=(_xll.TR(N44,"TR.PriceClose")-_xll.TR(N44,"TR.PriceClose","SDate:"&TEXT(WORKDAY(TODAY(),-65),"yyyy-mm-dd")))/_xll.TR(N44,"TR.PriceClose","SDate:"&TEXT(WORKDAY(TODAY(),-65),"yyyy-mm-dd"))} -> 0.0044798407 | K44: {=(_xll.TR(N44,"TR.PriceClose")-_xll.TR(N44,"TR.PriceClose","SDate:"&EDATE(TODAY(),-12)))/_xll.TR(N44,"TR.PriceClose","SDate:"&EDATE(TODAY(),-12))} -> 0.25888958 | M44: Laurentian | N44: LB.TO | O44: LB5YUSAX=FN
A46: Distribution | H46: =_xlfn.PERCENTILE.INC(H$8:H$44,0.2) -> -0.03674755 | I46: =_xlfn.PERCENTILE.INC(I$8:I$44,0.2) -> -0.054696421 | J46: =_xlfn.PERCENTILE.INC(J$8:J$44,0.2) -> -0.093687167 | K46: =_xlfn.PERCENTILE.INC(K$8:K$44,0.2) -> 0.16153679
H47: =_xlfn.PERCENTILE.INC(H$8:H$44,0.8) -> -0.0026320581 | I47: =_xlfn.PERCENTILE.INC(I$8:I$44,0.8) -> -0.0068389124 | J47: =_xlfn.PERCENTILE.INC(J$8:J$44,0.8) -> -0.00184743 | K47: =_xlfn.PERCENTILE.INC(K$8:K$44,0.8) -> 0.49029794

Sheet Risk Score Model
A1: Bank Market Risk Monitor — CDS & Equity Composite Score | J1: Model Assumptions
J2: CDS Weight | K2: 0.6
J3: Equity Weight | K3: 0.4
J4: Equity Horizon | K4: 2-week return
J5: Scoring Basis | K5: Within-region percentile
A7: Bank | B7: Region | C7: 5Y CDS (bps) | D7: 2-Week Equity Return (%) | E7: CDS Risk Percentile | F7: Equity Risk Percentile | G7: Composite Risk Score | H7: Risk Category
A8: Citigroup | B8: US | C8: =Report!$C$8 -> 61.5976 | D8: =Report!$I$8 -> 0.0085626911 | E8: =_xlfn.PERCENTRANK.INC($C$8:$C$14,C8)*100 -> 50 | F8: =(1-_xlfn.PERCENTRANK.INC($D$8:$D$14,D8))*100 -> 16.7 | G8: =IF(OR(E8="",F8=""),"",$K$2*E8+$K$3*F8) -> 36.68 | H8: =IF(G8="","",IF(G8<=25,"Low",IF(G8<=50,"Moderate",IF(G8<=75,"Elevated","High")))) -> Moderate | J8: Score | K8: Risk Category
A9: Bank of America | B9: US | C9: =Report!$C$9 -> 62.6206 | D9: =Report!$I$9 -> -0.0069141194 | E9: =_xlfn.PERCENTRANK.INC($C$8:$C$14,C9)*100 -> 83.3 | F9: =(1-_xlfn.PERCENTRANK.INC($D$8:$D$14,D9))*100 -> 50 | G9: =IF(OR(E9="",F9=""),"",$K$2*E9+$K$3*F9) -> 69.98 | H9: =IF(G9="","",IF(G9<=25,"Low",IF(G9<=50,"Moderate",IF(G9<=75,"Elevated","High")))) -> Elevated | J9: 0–25 | K9: Low
A10: JPMorgan Chase | B10: US | C10: =Report!$C$10 -> 44.2016 | D10: =Report!$I$10 -> -0.0020299719 | E10: =_xlfn.PERCENTRANK.INC($C$8:$C$14,C10)*100 -> 0 | F10: =(1-_xlfn.PERCENTRANK.INC($D$8:$D$14,D10))*100 -> 33.4 | G10: =IF(OR(E10="",F10=""),"",$K$2*E10+$K$3*F10) -> 13.36 | H10: =IF(G10="","",IF(G10<=25,"Low",IF(G10<=50,"Moderate",IF(G10<=75,"Elevated","High")))) -> Low | J10: >25–50 | K10: Moderate
A11: Goldman Sachs | B11: US | C11: =Report!$C$11 -> 62.4528 | D11: =Report!$I$11 -> -0.024327687 | E11: =_xlfn.PERCENTRANK.INC($C$8:$C$14,C11)*100 -> 66.6 | F11: =(1-_xlfn.PERCENTRANK.INC($D$8:$D$14,D11))*100 -> 100 | G11: =IF(OR(E11="",F11=""),"",$K$2*E11+$K$3*F11) -> 79.96 | H11: =IF(G11="","",IF(G11<=25,"Low",IF(G11<=50,"Moderate",IF(G11<=75,"Elevated","High")))) -> High | J11: >50–75 | K11: Elevated
A12: Morgan Stanley | B12: US | C12: =Report!$C$12 -> 64.0003 | D12: =Report!$I$12 -> -0.014214567 | E12: =_xlfn.PERCENTRANK.INC($C$8:$C$14,C12)*100 -> 100 | F12: =(1-_xlfn.PERCENTRANK.INC($D$8:$D$14,D12))*100 -> 66.7 | G12: =IF(OR(E12="",F12=""),"",$K$2*E12+$K$3*F12) -> 86.68 | H12: =IF(G12="","",IF(G12<=25,"Low",IF(G12<=50,"Moderate",IF(G12<=75,"Elevated","High")))) -> High | J12: >75–100 | K12: High
A13: Wells Fargo | B13: US | C13: =Report!$C$13 -> 56.6459 | D13: =Report!$I$13 -> 0.03528827 | E13: =_xlfn.PERCENTRANK.INC($C$8:$C$14,C13)*100 -> 33.3 | F13: =(1-_xlfn.PERCENTRANK.INC($D$8:$D$14,D13))*100 -> 0 | G13: =IF(OR(E13="",F13=""),"",$K$2*E13+$K$3*F13) -> 19.98 | H13: =IF(G13="","",IF(G13<=25,"Low",IF(G13<=50,"Moderate",IF(G13<=75,"Elevated","High")))) -> Low
A14: State Street Bank | B14: US | C14: =Report!$C$14 -> 55.5407 | D14: =Report!$I$14 -> -0.01603105 | E14: =_xlfn.PERCENTRANK.INC($C$8:$C$14,C14)*100 -> 16.6 | F14: =(1-_xlfn.PERCENTRANK.INC($D$8:$D$14,D14))*100 -> 83.4 | G14: =IF(OR(E14="",F14=""),"",$K$2*E14+$K$3*F14) -> 43.32 | H14: =IF(G14="","",IF(G14<=25,"Low",IF(G14<=50,"Moderate",IF(G14<=75,"Elevated","High")))) -> Moderate
A15: France
A16: BNP Paribas SA | B16: France | C16: =Report!$C$16 -> 63.9636 | D16: =Report!$I$16 -> -0.075051335 | E16: =_xlfn.PERCENTRANK.INC($C$16:$C$18,C16)*100 -> 50 | F16: =(1-_xlfn.PERCENTRANK.INC($D$16:$D$18,D16))*100 -> 0 | G16: =IF(OR(#REF!="",F16=""),"",$K$2*#REF!+$K$3*F16) -> #REF! | H16: =IF(G16="","",IF(G16<=25,"Low",IF(G16<=50,"Moderate",IF(G16<=75,"Elevated","High")))) -> #REF!
A17: Credit Agricole SA | B17: France | C17: =Report!$C$17 -> 59.2271 | D17: =Report!$I$17 -> -0.084127874 | E17: =_xlfn.PERCENTRANK.INC($C$16:$C$18,C17)*100 -> 0 | F17: =(1-_xlfn.PERCENTRANK.INC($D$16:$D$18,D17))*100 -> 50 | G17: =IF(OR(E16="",F17=""),"",$K$2*E16+$K$3*F17) -> 50 | H17: =IF(G17="","",IF(G17<=25,"Low",IF(G17<=50,"Moderate",IF(G17<=75,"Elevated","High")))) -> Moderate
A18: Societe Generale | B18: France | C18: =Report!$C$18 -> 68.15 | D18: =Report!$I$18 -> -0.091462551 | E18: =_xlfn.PERCENTRANK.INC($C$16:$C$18,C18)*100 -> 100 | F18: =(1-_xlfn.PERCENTRANK.INC($D$16:$D$18,D18))*100 -> 100 | G18: =IF(OR(E18="",F18=""),"",$K$2*E18+$K$3*F18) -> 100 | H18: =IF(G18="","",IF(G18<=25,"Low",IF(G18<=50,"Moderate",IF(G18<=75,"Elevated","High")))) -> High
A19: Switzerland
A20: UBS Group AG | B20: Switzerland | C20: =Report!$C$20 -> 57.6526 | D20: =Report!$I$20 -> -0.012830002 | E20: =IF(OR(C20="",COUNTIFS($B$8:$B$44,B20,$C$8:$C$44,"<>")<2),"",100*(COUNTIFS($B$8:$B$44,B20,$C$8:$C$44,"<"&C20)+0.5*(COUNTIFS($B$8:$B$44,B20,$C$8:$C$44,"="&C20)-1))/(COUNTIFS($B$8:$B$44,B20,$C$8:$C$44,"<>")-1)) | F20: =IF(OR(D20="",COUNTIFS($B$8:$B$44,B20,$D$8:$D$44,"<>")<2),"",100*(COUNTIFS($B$8:$B$44,B20,$D$8:$D$44,">"&D20)+0.5*(COUNTIFS($B$8:$B$44,B20,$D$8:$D$44,"="&D20)-1))/(COUNTIFS($B$8:$B$44,B20,$D$8:$D$44,"<>")-1)) | G20: =IF(OR(E20="",F20=""),"",$K$2*E20+$K$3*F20) | H20: =IF(G20="","",IF(G20<=25,"Low",IF(G20<=50,"Moderate",IF(G20<=75,"Elevated","High"))))
A21: U.K.
A22: Barclays Bank PLC | B22: U.K. | C22: =Report!$C$22 -> 72.9514 | D22: =Report!$I$22 -> -0.046623094 | E22: =_xlfn.PERCENTRANK.INC($C$22:$C$25,C22)*100 -> 100 | F22: =(1-_xlfn.PERCENTRANK.INC($D$22:$D$25,D22))*100 -> 0 | G22: =IF(OR(E22="",F22=""),"",$K$2*E22+$K$3*F22) -> 60 | H22: =IF(G22="","",IF(G22<=25,"Low",IF(G22<=50,"Moderate",IF(G22<=75,"Elevated","High")))) -> Elevated
A23: HSBC Holdings PLC | B23: U.K. | C23: =Report!$C$23 -> 49.0282 | D23: =Report!$I$23 -> -0.054039735 | E23: =_xlfn.PERCENTRANK.INC($C$22:$C$25,C23)*100 -> 0 | F23: =(1-_xlfn.PERCENTRANK.INC($D$22:$D$25,D23))*100 -> 66.7 | G23: =IF(OR(E23="",F23=""),"",$K$2*E23+$K$3*F23) -> 26.68 | H23: =IF(G23="","",IF(G23<=25,"Low",IF(G23<=50,"Moderate",IF(G23<=75,"Elevated","High")))) -> Moderate
A24: RBS Group PLC | B24: U.K. | C24: =Report!$C$24 -> 67.5573 | D24: =Report!$I$24 -> -0.05 | E24: =_xlfn.PERCENTRANK.INC($C$22:$C$25,C24)*100 -> 66.6 | F24: =(1-_xlfn.PERCENTRANK.INC($D$22:$D$25,D24))*100 -> 33.4 | G24: =IF(OR(E24="",F24=""),"",$K$2*E24+$K$3*F24) -> 53.32 | H24: =IF(G24="","",IF(G24<=25,"Low",IF(G24<=50,"Moderate",IF(G24<=75,"Elevated","High")))) -> Elevated
A25: Standard Chartered | B25: U.K. | C25: =Report!$C$25 -> 53.8167 | D25: =Report!$I$25 -> -0.072992701 | E25: =_xlfn.PERCENTRANK.INC($C$22:$C$25,C25)*100 -> 33.3 | F25: =(1-_xlfn.PERCENTRANK.INC($D$22:$D$25,D25))*100 -> 100 | G25: =IF(OR(E25="",F25=""),"",$K$2*E25+$K$3*F25) -> 59.98 | H25: =IF(G25="","",IF(G25<=25,"Low",IF(G25<=50,"Moderate",IF(G25<=75,"Elevated","High")))) -> Elevated
A26: Germany
A27: Deutsche Bank AG | B27: Germany | C27: =Report!$C$27 -> 57.75 | D27: =Report!$I$27 -> -0.045984252 | E27: =_xlfn.PERCENTRANK.INC($C$27:$C$28,C27)*100 -> 100 | F27: =(1-_xlfn.PERCENTRANK.INC($D$27:$D$28,D27))*100 -> 0 | G27: =IF(OR(E27="",F27=""),"",$K$2*E27+$K$3*F27) -> 60 | H27: =IF(G27="","",IF(G27<=25,"Low",IF(G27<=50,"Moderate",IF(G27<=75,"Elevated","High")))) -> Elevated
A28: Commerzbank | B28: Germany | C28: =Report!$C$28 -> 44.2435 | D28: =Report!$I$28 -> -0.092164801 | E28: =_xlfn.PERCENTRANK.INC($C$27:$C$28,C28)*100 -> 0 | F28: =(1-_xlfn.PERCENTRANK.INC($D$27:$D$28,D28))*100 -> 100 | G28: =IF(OR(E28="",F28=""),"",$K$2*E28+$K$3*F28) -> 40 | H28: =IF(G28="","",IF(G28<=25,"Low",IF(G28<=50,"Moderate",IF(G28<=75,"Elevated","High")))) -> Moderate
A29: Denmark
A30: Danske | B30: Denmark | C30: =Report!$C$30 -> 30.75 | D30: =Report!$I$30 -> -0.057323166 | E30: =IF(OR(C30="",COUNTIFS($B$8:$B$44,B30,$C$8:$C$44,"<>")<2),"",100*(COUNTIFS($B$8:$B$44,B30,$C$8:$C$44,"<"&C30)+0.5*(COUNTIFS($B$8:$B$44,B30,$C$8:$C$44,"="&C30)-1))/(COUNTIFS($B$8:$B$44,B30,$C$8:$C$44,"<>")-1)) | F30: =IF(OR(D30="",COUNTIFS($B$8:$B$44,B30,$D$8:$D$44,"<>")<2),"",100*(COUNTIFS($B$8:$B$44,B30,$D$8:$D$44,">"&D30)+0.5*(COUNTIFS($B$8:$B$44,B30,$D$8:$D$44,"="&D30)-1))/(COUNTIFS($B$8:$B$44,B30,$D$8:$D$44,"<>")-1)) | G30: =IF(OR(E30="",F30=""),"",$K$2*E30+$K$3*F30) | H30: =IF(G30="","",IF(G30<=25,"Low",IF(G30<=50,"Moderate",IF(G30<=75,"Elevated","High"))))
A31: Japan
A32: Mitsubishi | B32: Japan | C32: =Report!$C$32 -> 43.3178 | D32: =Report!$I$32 -> -0.011414254 | E32: =_xlfn.PERCENTRANK.INC($C$32:$C$36,C32)*100 -> 0 | F32: =(1-_xlfn.PERCENTRANK.INC($D$32:$D$36,D32))*100 -> 100 | G32: =IF(OR(E32="",F32=""),"",$K$2*E32+$K$3*F32) -> 40 | H32: =IF(G32="","",IF(G32<=25,"Low",IF(G32<=50,"Moderate",IF(G32<=75,"Elevated","High")))) -> Moderate
A33: Sumitomo | B33: Japan | C33: =Report!$C$33 -> 44.9231 | D33: =Report!$I$33 -> -0.0029788502 | E33: =_xlfn.PERCENTRANK.INC($C$32:$C$36,C33)*100 -> 25 | F33: =(1-_xlfn.PERCENTRANK.INC($D$32:$D$36,D33))*100 -> 0 | G33: =IF(OR(E33="",F33=""),"",$K$2*E33+$K$3*F33) -> 15 | H33: =IF(G33="","",IF(G33<=25,"Low",IF(G33<=50,"Moderate",IF(G33<=75,"Elevated","High")))) -> Low
A34: Mizuho | B34: Japan | C34: =Report!$C$34 -> 56.5179 | D34: =Report!$I$34 -> -0.011331445 | E34: =_xlfn.PERCENTRANK.INC($C$32:$C$36,C34)*100 -> 50 | F34: =(1-_xlfn.PERCENTRANK.INC($D$32:$D$36,D34))*100 -> 75 | G34: =IF(OR(E34="",F34=""),"",$K$2*E34+$K$3*F34) -> 60 | H34: =IF(G34="","",IF(G34<=25,"Low",IF(G34<=50,"Moderate",IF(G34<=75,"Elevated","High")))) -> Elevated
A35: Daiwa | B35: Japan | C35: =Report!$C$35 -> 69.4133 | D35: =Report!$I$35 -> -0.0036394177 | E35: =_xlfn.PERCENTRANK.INC($C$32:$C$36,C35)*100 -> 75 | F35: =(1-_xlfn.PERCENTRANK.INC($D$32:$D$36,D35))*100 -> 25 | G35: =IF(OR(E35="",F35=""),"",$K$2*E35+$K$3*F35) -> 55 | H35: =IF(G35="","",IF(G35<=25,"Low",IF(G35<=50,"Moderate",IF(G35<=75,"Elevated","High")))) -> Elevated
A36: Nomura | B36: Japan | C36: =Report!$C$36 -> 72.176 | D36: =Report!$I$36 -> -0.0065380843 | E36: =_xlfn.PERCENTRANK.INC($C$32:$C$36,C36)*100 -> 100 | F36: =(1-_xlfn.PERCENTRANK.INC($D$32:$D$36,D36))*100 -> 50 | G36: =IF(OR(E36="",F36=""),"",$K$2*E36+$K$3*F36) -> 80 | H36: =IF(G36="","",IF(G36<=25,"Low",IF(G36<=50,"Moderate",IF(G36<=75,"Elevated","High")))) -> High
A37: Canada
A38: Bank of Nova Scotia | B38: Canada | C38: =Report!$C$38 -> 63.7516 | D38: =Report!$I$38 -> -0.040063981 | E38: =_xlfn.PERCENTRANK.INC($C$38:$C$43,C38)*100 -> 100 | F38: =(1-_xlfn.PERCENTRANK.INC($D$38:$D$43,D38))*100 -> 80 | G38: =IF(OR(E38="",F38=""),"",$K$2*E38+$K$3*F38) -> 92 | H38: =IF(G38="","",IF(G38<=25,"Low",IF(G38<=50,"Moderate",IF(G38<=75,"Elevated","High")))) -> High
A39: BMO | B39: Canada | C39: =Report!$C$39 -> 55.8903 | D39: =Report!$I$39 -> -0.035689061 | E39: =_xlfn.PERCENTRANK.INC($C$38:$C$43,C39)*100 -> 20 | F39: =(1-_xlfn.PERCENTRANK.INC($D$38:$D$43,D39))*100 -> 60 | G39: =IF(OR(E39="",F39=""),"",$K$2*E39+$K$3*F39) -> 36 | H39: =IF(G39="","",IF(G39<=25,"Low",IF(G39<=50,"Moderate",IF(G39<=75,"Elevated","High")))) -> Moderate
A40: CIBC | B40: Canada | C40: =Report!$C$40 -> 62.7372 | D40: =Report!$I$40 -> -0.018540708 | E40: =_xlfn.PERCENTRANK.INC($C$38:$C$43,C40)*100 -> 80 | F40: =(1-_xlfn.PERCENTRANK.INC($D$38:$D$43,D40))*100 -> 0 | G40: =IF(OR(E40="",F40=""),"",$K$2*E40+$K$3*F40) -> 48 | H40: =IF(G40="","",IF(G40<=25,"Low",IF(G40<=50,"Moderate",IF(G40<=75,"Elevated","High")))) -> Moderate
A41: TD | B41: Canada | C41: =Report!$C$41 -> 60.3326 | D41: =Report!$I$41 -> -0.027483267 | E41: =_xlfn.PERCENTRANK.INC($C$38:$C$43,C41)*100 -> 40 | F41: =(1-_xlfn.PERCENTRANK.INC($D$38:$D$43,D41))*100 -> 20 | G41: =IF(OR(E41="",F41=""),"",$K$2*E41+$K$3*F41) -> 32 | H41: =IF(G41="","",IF(G41<=25,"Low",IF(G41<=50,"Moderate",IF(G41<=75,"Elevated","High")))) -> Moderate
A42: RBC | B42: Canada | C42: =Report!$C$42 -> 61.6992 | D42: =Report!$I$42 -> -0.033535724 | E42: =_xlfn.PERCENTRANK.INC($C$38:$C$43,C42)*100 -> 60 | F42: =(1-_xlfn.PERCENTRANK.INC($D$38:$D$43,D42))*100 -> 40 | G42: =IF(OR(E42="",F42=""),"",$K$2*E42+$K$3*F42) -> 52 | H42: =IF(G42="","",IF(G42<=25,"Low",IF(G42<=50,"Moderate",IF(G42<=75,"Elevated","High")))) -> Elevated
A43: Nationale | B43: Canada | C43: =Report!$C$43 -> 55.8787 | D43: =Report!$I$43 -> -0.046871992 | E43: =_xlfn.PERCENTRANK.INC($C$38:$C$43,C43)*100 -> 0 | F43: =IF(OR(D43="",COUNTIFS($B$8:$B$44,B43,$D$8:$D$44,"<>")<2),"",100*(COUNTIFS($B$8:$B$44,B43,$D$8:$D$44,">"&D43)+0.5*(COUNTIFS($B$8:$B$44,B43,$D$8:$D$44,"="&D43)-1))/(COUNTIFS($B$8:$B$44,B43,$D$8:$D$44,"<>")-1)) -> 100 | G43: =IF(OR(E43="",F43=""),"",$K$2*E43+$K$3*F43) -> 40 | H43: =IF(G43="","",IF(G43<=25,"Low",IF(G43<=50,"Moderate",IF(G43<=75,"Elevated","High")))) -> Moderate
A44: Laurentian | B44: Canada | E44: =IF(OR(C44="",COUNTIFS($B$8:$B$44,B44,$C$8:$C$44,"<>")<2),"",100*(COUNTIFS($B$8:$B$44,B44,$C$8:$C$44,"<"&C44)+0.5*(COUNTIFS($B$8:$B$44,B44,$C$8:$C$44,"="&C44)-1))/(COUNTIFS($B$8:$B$44,B44,$C$8:$C$44,"<>")-1)) | G44: =IF(OR(E44="",F44=""),"",$K$2*E44+$K$3*F44) | H44: =IF(G44="","",IF(G44<=25,"Low",IF(G44<=50,"Moderate",IF(G44<=75,"Elevated","High"))))

Sheet CDS from CapitalIQ
A1: Country | B1: CIQ Code
A2: Americas | C2: =TODAY() -> 46308 | D2: =TODAY() - 1 -> 46307 | E2: =TODAY() - 2 -> 46306 | F2: =TODAY() - 3 -> 46305 | G2: =TODAY() - 4 -> 46304 | H2: =TODAY() - 5 -> 46303 | I2: =TODAY() - 6 -> 46302 | J2: =TODAY() - 7 -> 46301 | K2: =TODAY() - 8 -> 46300 | L2: =TODAY() - 9 -> 46299 | M2: =TODAY() - 10 -> 46298 | N2: =TODAY() - 11 -> 46297 | O2: =TODAY() - 12 -> 46296 | P2: =TODAY() - 13 -> 46295 | Q2: =TODAY() - 14 -> 46294 | R2: =EDATE(TODAY(), -3) -> 46216 | S2: =EDATE(TODAY(), -12) -> 45943 | T2: 5 Day Change | U2: 10 day change | V2: 14 day change | W2: 3 month change | X2: 1 year change | Y2: Thresholds
A3: Brazil | B3: IQT46197138 | C3: =_xll.ciqfunctions.udf.CIQ($B3,"IQ_CDS_mid",C$2) -> 109.3386 | D3: =_xll.ciqfunctions.udf.CIQ($B3,"IQ_CDS_mid",D$2) -> 109.3386 | E3: =_xll.ciqfunctions.udf.CIQ($B3,"IQ_CDS_mid",E$2) -> 109.5002 | F3: =_xll.ciqfunctions.udf.CIQ($B3,"IQ_CDS_mid",F$2) -> 109.5002 | G3: =_xll.ciqfunctions.udf.CIQ($B3,"IQ_CDS_mid",G$2) -> 109.5002 | H3: =_xll.ciqfunctions.udf.CIQ($B3,"IQ_CDS_mid",H$2) -> 110.7139 | I3: =_xll.ciqfunctions.udf.CIQ($B3,"IQ_CDS_mid",I$2) -> 110.0123 | J3: =_xll.ciqfunctions.udf.CIQ($B3,"IQ_CDS_mid",J$2) -> 107.8016 | ... S3: =_xll.ciqfunctions.udf.CIQ($B3,"IQ_CDS_mid",S$2) -> 159.6821 | T3: =C3-H3 -> -1.3753 | U3: =C3-M3 -> -23.4477 | V3: =C3-Q3 -> -21.1443 | W3: =C3-R3 -> -15.3934 | X3: =C3-S3 -> -50.3435 | Y3: CDS | Z3: CDS Change
A4: Canada | B4: IQT313310184 | C4: =_xll.ciqfunctions.udf.CIQ($B4,"IQ_CDS_mid",C$2) -> 14.0791 | D4: =_xll.ciqfunctions.udf.CIQ($B4,"IQ_CDS_mid",D$2) -> 14.0791 | E4: =_xll.ciqfunctions.udf.CIQ($B4,"IQ_CDS_mid",E$2) -> 13.9645 | F4: =_xll.ciqfunctions.udf.CIQ($B4,"IQ_CDS_mid",F$2) -> 13.9645 | G4: =_xll.ciqfunctions.udf.CIQ($B4,"IQ_CDS_mid",G$2) -> 13.9645 | H4: =_xll.ciqfunctions.udf.CIQ($B4,"IQ_CDS_mid",H$2) -> 13.8567 | I4: =_xll.ciqfunctions.udf.CIQ($B4,"IQ_CDS_mid",I$2) -> 13.4635 | J4: =_xll.ciqfunctions.udf.CIQ($B4,"IQ_CDS_mid",J$2) -> 12.6298 | ... S4: =_xll.ciqfunctions.udf.CIQ($B4,"IQ_CDS_mid",S$2) -> 17.6807 | T4: =C4-H4 -> 0.2224 | U4: =C4-M4 -> 1.6692 | V4: =C4-Q4 -> 2.528 | W4: =C4-R4 -> 2.8783 | X4: =C4-S4 -> -3.6016 | Y4: 150 | Z4: 10
A5: Mexico | B5: IQT46210560 | C5: =_xll.ciqfunctions.udf.CIQ($B5,"IQ_CDS_mid",C$2) -> 92.7083 | D5: =_xll.ciqfunctions.udf.CIQ($B5,"IQ_CDS_mid",D$2) -> 92.7083 | E5: =_xll.ciqfunctions.udf.CIQ($B5,"IQ_CDS_mid",E$2) -> 92.7387 | F5: =_xll.ciqfunctions.udf.CIQ($B5,"IQ_CDS_mid",F$2) -> 92.7387 | G5: =_xll.ciqfunctions.udf.CIQ($B5,"IQ_CDS_mid",G$2) -> 92.7387 | H5: =_xll.ciqfunctions.udf.CIQ($B5,"IQ_CDS_mid",H$2) -> 94.4285 | I5: =_xll.ciqfunctions.udf.CIQ($B5,"IQ_CDS_mid",I$2) -> 93.9936 | J5: =_xll.ciqfunctions.udf.CIQ($B5,"IQ_CDS_mid",J$2) -> 94.0829 | ... S5: =_xll.ciqfunctions.udf.CIQ($B5,"IQ_CDS_mid",S$2) -> 96.9287 | T5: =C5-H5 -> -1.7202 | U5: =C5-M5 -> -8.2899 | V5: =C5-Q5 -> 0.4779 | W5: =C5-R5 -> 6.8598 | X5: =C5-S5 -> -4.2204
A6: United States | B6: IQT49751196 | C6: =_xll.ciqfunctions.udf.CIQ($B6,"IQ_CDS_mid",C$2) -> 41.9133 | D6: =_xll.ciqfunctions.udf.CIQ($B6,"IQ_CDS_mid",D$2) -> 41.9133 | E6: =_xll.ciqfunctions.udf.CIQ($B6,"IQ_CDS_mid",E$2) -> 42.1444 | F6: =_xll.ciqfunctions.udf.CIQ($B6,"IQ_CDS_mid",F$2) -> 42.1444 | G6: =_xll.ciqfunctions.udf.CIQ($B6,"IQ_CDS_mid",G$2) -> 42.1444 | H6: =_xll.ciqfunctions.udf.CIQ($B6,"IQ_CDS_mid",H$2) -> 42.766 | I6: =_xll.ciqfunctions.udf.CIQ($B6,"IQ_CDS_mid",I$2) -> 42.7673 | J6: =_xll.ciqfunctions.udf.CIQ($B6,"IQ_CDS_mid",J$2) -> 42.642 | ... S6: =_xll.ciqfunctions.udf.CIQ($B6,"IQ_CDS_mid",S$2) -> 41.5 | T6: =C6-H6 -> -0.8527 | U6: =C6-M6 -> -0.7913 | V6: =C6-Q6 -> 2.0426 | W6: =C6-R6 -> 0.1633 | X6: =C6-S6 -> 0.4133
A7: Euro Area | X7: =C7-S7 -> 0
A8: Austria | B8: IQT46194995 | C8: =_xll.ciqfunctions.udf.CIQ($B8,"IQ_CDS_mid",C$2) -> 16.9799 | D8: =_xll.ciqfunctions.udf.CIQ($B8,"IQ_CDS_mid",D$2) -> 16.9799 | E8: =_xll.ciqfunctions.udf.CIQ($B8,"IQ_CDS_mid",E$2) -> 17.0196 | F8: =_xll.ciqfunctions.udf.CIQ($B8,"IQ_CDS_mid",F$2) -> 17.0196 | G8: =_xll.ciqfunctions.udf.CIQ($B8,"IQ_CDS_mid",G$2) -> 17.0196 | H8: =_xll.ciqfunctions.udf.CIQ($B8,"IQ_CDS_mid",H$2) -> 17.1178 | I8: =_xll.ciqfunctions.udf.CIQ($B8,"IQ_CDS_mid",I$2) -> 17.2065 | J8: =_xll.ciqfunctions.udf.CIQ($B8,"IQ_CDS_mid",J$2) -> 17.0323 | ... S8: =_xll.ciqfunctions.udf.CIQ($B8,"IQ_CDS_mid",S$2) -> 14.7438 | T8: =C8-H8 -> -0.1379 | U8: =C8-M8 -> 0.1264 | V8: =C8-Q8 -> 2.9029 | W8: =C8-R8 -> 5.9801 | X8: =C8-S8 -> 2.2361
A9: Belgium | B9: IQT46196225 | C9: =_xll.ciqfunctions.udf.CIQ($B9,"IQ_CDS_mid",C$2) -> 32.25 | D9: =_xll.ciqfunctions.udf.CIQ($B9,"IQ_CDS_mid",D$2) -> 32.25 | E9: =_xll.ciqfunctions.udf.CIQ($B9,"IQ_CDS_mid",E$2) -> 31.44 | F9: =_xll.ciqfunctions.udf.CIQ($B9,"IQ_CDS_mid",F$2) -> 31.44 | G9: =_xll.ciqfunctions.udf.CIQ($B9,"IQ_CDS_mid",G$2) -> 31.44 | H9: =_xll.ciqfunctions.udf.CIQ($B9,"IQ_CDS_mid",H$2) -> 32.7 | I9: =_xll.ciqfunctions.udf.CIQ($B9,"IQ_CDS_mid",I$2) -> 32.3966 | J9: =_xll.ciqfunctions.udf.CIQ($B9,"IQ_CDS_mid",J$2) -> 32.25 | ... S9: =_xll.ciqfunctions.udf.CIQ($B9,"IQ_CDS_mid",S$2) -> 21.8258 | T9: =C9-H9 -> -0.45 | U9: =C9-M9 -> 4.29 | V9: =C9-Q9 -> 8.86 | W9: =C9-R9 -> 14.9167 | X9: =C9-S9 -> 10.4242
A10: Finland | B10: IQT46203332 | C10: =_xll.ciqfunctions.udf.CIQ($B10,"IQ_CDS_mid",C$2) -> 13.1227 | D10: =_xll.ciqfunctions.udf.CIQ($B10,"IQ_CDS_mid",D$2) -> 13.1227 | E10: =_xll.ciqfunctions.udf.CIQ($B10,"IQ_CDS_mid",E$2) -> 14 | F10: =_xll.ciqfunctions.udf.CIQ($B10,"IQ_CDS_mid",F$2) -> 14 | G10: =_xll.ciqfunctions.udf.CIQ($B10,"IQ_CDS_mid",G$2) -> 14 | H10: =_xll.ciqfunctions.udf.CIQ($B10,"IQ_CDS_mid",H$2) -> 13.6667 | I10: =_xll.ciqfunctions.udf.CIQ($B10,"IQ_CDS_mid",I$2) -> 13.6367 | J10: =_xll.ciqfunctions.udf.CIQ($B10,"IQ_CDS_mid",J$2) -> 13.6898 | ... S10: =_xll.ciqfunctions.udf.CIQ($B10,"IQ_CDS_mid",S$2) -> 15.1667 | T10: =C10-H10 -> -0.544 | U10: =C10-M10 -> -0.0671 | V10: =C10-Q10 -> 1.0602 | W10: =C10-R10 -> 1.7473 | X10: =C10-S10 -> -2.044
A11: France | B11: IQT46203714 | C11: =_xll.ciqfunctions.udf.CIQ($B11,"IQ_CDS_mid",C$2) -> 80.7643 | D11: =_xll.ciqfunctions.udf.CIQ($B11,"IQ_CDS_mid",D$2) -> 80.7643 | E11: =_xll.ciqfunctions.udf.CIQ($B11,"IQ_CDS_mid",E$2) -> 79.5722 | F11: =_xll.ciqfunctions.udf.CIQ($B11,"IQ_CDS_mid",F$2) -> 79.5722 | G11: =_xll.ciqfunctions.udf.CIQ($B11,"IQ_CDS_mid",G$2) -> 79.5722 | H11: =_xll.ciqfunctions.udf.CIQ($B11,"IQ_CDS_mid",H$2) -> 80.2371 | I11: =_xll.ciqfunctions.udf.CIQ($B11,"IQ_CDS_mid",I$2) -> 79.6538 | J11: =_xll.ciqfunctions.udf.CIQ($B11,"IQ_CDS_mid",J$2) -> 73.0264 | ... S11: =_xll.ciqfunctions.udf.CIQ($B11,"IQ_CDS_mid",S$2) -> 40.4583 | T11: =C11-H11 -> 0.5272 | U11: =C11-M11 -> -3.4218 | V11: =C11-Q11 -> 15.627 | W11: =C11-R11 -> 49.9062 | X11: =C11-S11 -> 40.306
A12: Germany | B12: IQT46204300 | C12: =_xll.ciqfunctions.udf.CIQ($B12,"IQ_CDS_mid",C$2) -> 12.2223 | D12: =_xll.ciqfunctions.udf.CIQ($B12,"IQ_CDS_mid",D$2) -> 12.2223 | E12: =_xll.ciqfunctions.udf.CIQ($B12,"IQ_CDS_mid",E$2) -> 12.3336 | F12: =_xll.ciqfunctions.udf.CIQ($B12,"IQ_CDS_mid",F$2) -> 12.3336 | G12: =_xll.ciqfunctions.udf.CIQ($B12,"IQ_CDS_mid",G$2) -> 12.3336 | H12: =_xll.ciqfunctions.udf.CIQ($B12,"IQ_CDS_mid",H$2) -> 12.5349 | I12: =_xll.ciqfunctions.udf.CIQ($B12,"IQ_CDS_mid",I$2) -> 12.7094 | J12: =_xll.ciqfunctions.udf.CIQ($B12,"IQ_CDS_mid",J$2) -> 12.5875 | ... S12: =_xll.ciqfunctions.udf.CIQ($B12,"IQ_CDS_mid",S$2) -> 8.9473 | T12: =C12-H12 -> -0.3126 | U12: =C12-M12 -> -0.2777 | V12: =C12-Q12 -> 2.2189 | W12: =C12-R12 -> 5.2218 | X12: =C12-S12 -> 3.275
A13: Greece | B13: IQT46204884 | C13: =_xll.ciqfunctions.udf.CIQ($B13,"IQ_CDS_mid",C$2) -> 47.5467 | D13: =_xll.ciqfunctions.udf.CIQ($B13,"IQ_CDS_mid",D$2) -> 47.5467 | E13: =_xll.ciqfunctions.udf.CIQ($B13,"IQ_CDS_mid",E$2) -> 48 | F13: =_xll.ciqfunctions.udf.CIQ($B13,"IQ_CDS_mid",F$2) -> 48 | G13: =_xll.ciqfunctions.udf.CIQ($B13,"IQ_CDS_mid",G$2) -> 48 | H13: =_xll.ciqfunctions.udf.CIQ($B13,"IQ_CDS_mid",H$2) -> 49.5717 | I13: =_xll.ciqfunctions.udf.CIQ($B13,"IQ_CDS_mid",I$2) -> 49.4725 | J13: =_xll.ciqfunctions.udf.CIQ($B13,"IQ_CDS_mid",J$2) -> 48.0833 | ... S13: =_xll.ciqfunctions.udf.CIQ($B13,"IQ_CDS_mid",S$2) -> 40.514 | T13: =C13-H13 -> -2.025 | U13: =C13-M13 -> 1.3195 | V13: =C13-Q13 -> 10.1366 | W13: =C13-R13 -> 18.364 | X13: =C13-S13 -> 7.0327
A14: Ireland | B14: IQT46207308 | C14: =_xll.ciqfunctions.udf.CIQ($B14,"IQ_CDS_mid",C$2) -> 16.775 | D14: =_xll.ciqfunctions.udf.CIQ($B14,"IQ_CDS_mid",D$2) -> 16.775 | E14: =_xll.ciqfunctions.udf.CIQ($B14,"IQ_CDS_mid",E$2) -> 16.8325 | F14: =_xll.ciqfunctions.udf.CIQ($B14,"IQ_CDS_mid",F$2) -> 16.8325 | G14: =_xll.ciqfunctions.udf.CIQ($B14,"IQ_CDS_mid",G$2) -> 16.8325 | H14: =_xll.ciqfunctions.udf.CIQ($B14,"IQ_CDS_mid",H$2) -> 17.4267 | I14: =_xll.ciqfunctions.udf.CIQ($B14,"IQ_CDS_mid",I$2) -> 17.3333 | J14: =_xll.ciqfunctions.udf.CIQ($B14,"IQ_CDS_mid",J$2) -> 17.4417 | ... S14: =_xll.ciqfunctions.udf.CIQ($B14,"IQ_CDS_mid",S$2) -> 16.3333 | T14: =C14-H14 -> -0.6517 | U14: =C14-M14 -> -2.85 | V14: =C14-Q14 -> 0.475 | W14: =C14-R14 -> 2.4417 | X14: =C14-S14 -> 0.4417
A15: Italy | B15: IQT46207571 | C15: =_xll.ciqfunctions.udf.CIQ($B15,"IQ_CDS_mid",C$2) -> 66.0232 | D15: =_xll.ciqfunctions.udf.CIQ($B15,"IQ_CDS_mid",D$2) -> 66.0232 | E15: =_xll.ciqfunctions.udf.CIQ($B15,"IQ_CDS_mid",E$2) -> 65.5512 | F15: =_xll.ciqfunctions.udf.CIQ($B15,"IQ_CDS_mid",F$2) -> 65.5512 | G15: =_xll.ciqfunctions.udf.CIQ($B15,"IQ_CDS_mid",G$2) -> 65.5512 | H15: =_xll.ciqfunctions.udf.CIQ($B15,"IQ_CDS_mid",H$2) -> 65.6347 | I15: =_xll.ciqfunctions.udf.CIQ($B15,"IQ_CDS_mid",I$2) -> 67.6929 | J15: =_xll.ciqfunctions.udf.CIQ($B15,"IQ_CDS_mid",J$2) -> 61.0039 | ... S15: =_xll.ciqfunctions.udf.CIQ($B15,"IQ_CDS_mid",S$2) -> 38.138 | T15: =C15-H15 -> 0.3885 | U15: =C15-M15 -> -6.4349 | V15: =C15-Q15 -> 17.1589 | W15: =C15-R15 -> 36.8705 | X15: =C15-S15 -> 27.8852
A16: Luxembourg | B16: IQT644701797 | C16: =_xll.ciqfunctions.udf.CIQ($B16,"IQ_CDS_mid",C$2) -> 11.7546 | D16: =_xll.ciqfunctions.udf.CIQ($B16,"IQ_CDS_mid",D$2) -> 11.7546 | E16: =_xll.ciqfunctions.udf.CIQ($B16,"IQ_CDS_mid",E$2) -> 11.4553 | F16: =_xll.ciqfunctions.udf.CIQ($B16,"IQ_CDS_mid",F$2) -> 11.4553 | G16: =_xll.ciqfunctions.udf.CIQ($B16,"IQ_CDS_mid",G$2) -> 11.4553 | H16: =_xll.ciqfunctions.udf.CIQ($B16,"IQ_CDS_mid",H$2) -> 11.6628 | I16: =_xll.ciqfunctions.udf.CIQ($B16,"IQ_CDS_mid",I$2) -> 11.2587 | J16: =_xll.ciqfunctions.udf.CIQ($B16,"IQ_CDS_mid",J$2) -> 10.5977 | ... S16: =_xll.ciqfunctions.udf.CIQ($B16,"IQ_CDS_mid",S$2) -> 14.115 | T16: =C16-H16 -> 0.0918 | U16: =C16-M16 -> 0.7974 | V16: =C16-Q16 -> 1.2742 | W16: =C16-R16 -> 1.7578 | X16: =C16-S16 -> -2.3604
A17: Netherlands | B17: IQT79640024 | C17: =_xll.ciqfunctions.udf.CIQ($B17,"IQ_CDS_mid",C$2) -> 13.246 | D17: =_xll.ciqfunctions.udf.CIQ($B17,"IQ_CDS_mid",D$2) -> 13.246 | E17: =_xll.ciqfunctions.udf.CIQ($B17,"IQ_CDS_mid",E$2) -> 13.3333 | F17: =_xll.ciqfunctions.udf.CIQ($B17,"IQ_CDS_mid",F$2) -> 13.3333 | G17: =_xll.ciqfunctions.udf.CIQ($B17,"IQ_CDS_mid",G$2) -> 13.3333 | H17: =_xll.ciqfunctions.udf.CIQ($B17,"IQ_CDS_mid",H$2) -> 13.875 | I17: =_xll.ciqfunctions.udf.CIQ($B17,"IQ_CDS_mid",I$2) -> 12.75 | J17: =_xll.ciqfunctions.udf.CIQ($B17,"IQ_CDS_mid",J$2) -> 13.25 | ... S17: =_xll.ciqfunctions.udf.CIQ($B17,"IQ_CDS_mid",S$2) -> 9 | T17: =C17-H17 -> -0.629 | U17: =C17-M17 -> 0.1253 | V17: =C17-Q17 -> 2.8476 | W17: =C17-R17 -> 5.446 | X17: =C17-S17 -> 4.246
A18: Portugal | B18: IQT46214954 | C18: =_xll.ciqfunctions.udf.CIQ($B18,"IQ_CDS_mid",C$2) -> 23.75 | D18: =_xll.ciqfunctions.udf.CIQ($B18,"IQ_CDS_mid",D$2) -> 23.75 | E18: =_xll.ciqfunctions.udf.CIQ($B18,"IQ_CDS_mid",E$2) -> 23.6 | F18: =_xll.ciqfunctions.udf.CIQ($B18,"IQ_CDS_mid",F$2) -> 23.6 | G18: =_xll.ciqfunctions.udf.CIQ($B18,"IQ_CDS_mid",G$2) -> 23.6 | H18: =_xll.ciqfunctions.udf.CIQ($B18,"IQ_CDS_mid",H$2) -> 23.8642 | I18: =_xll.ciqfunctions.udf.CIQ($B18,"IQ_CDS_mid",I$2) -> 23.8333 | J18: =_xll.ciqfunctions.udf.CIQ($B18,"IQ_CDS_mid",J$2) -> 22.8817 | ... S18: =_xll.ciqfunctions.udf.CIQ($B18,"IQ_CDS_mid",S$2) -> 21.25 | T18: =C18-H18 -> -0.1142 | U18: =C18-M18 -> 1.1174 | V18: =C18-Q18 -> 5.8543 | W18: =C18-R18 -> 9.5 | X18: =C18-S18 -> 2.5
A19: Slovenia | B19: IQT46218516 | C19: =_xll.ciqfunctions.udf.CIQ($B19,"IQ_CDS_mid",C$2) -> 44.5279 | D19: =_xll.ciqfunctions.udf.CIQ($B19,"IQ_CDS_mid",D$2) -> 44.5279 | E19: =_xll.ciqfunctions.udf.CIQ($B19,"IQ_CDS_mid",E$2) -> 44.5165 | F19: =_xll.ciqfunctions.udf.CIQ($B19,"IQ_CDS_mid",F$2) -> 44.5165 | G19: =_xll.ciqfunctions.udf.CIQ($B19,"IQ_CDS_mid",G$2) -> 44.5165 | H19: =_xll.ciqfunctions.udf.CIQ($B19,"IQ_CDS_mid",H$2) -> 44.4814 | I19: =_xll.ciqfunctions.udf.CIQ($B19,"IQ_CDS_mid",I$2) -> 44.4214 | J19: =_xll.ciqfunctions.udf.CIQ($B19,"IQ_CDS_mid",J$2) -> 44.2437 | ... S19: =_xll.ciqfunctions.udf.CIQ($B19,"IQ_CDS_mid",S$2) -> 34.5779 | T19: =C19-H19 -> 0.0465 | U19: =C19-M19 -> 0.3886 | V19: =C19-Q19 -> 2.9072 | W19: =C19-R19 -> 8.3786 | X19: =C19-S19 -> 9.95
A20: Spain | B20: IQT46206779 | C20: =_xll.ciqfunctions.udf.CIQ($B20,"IQ_CDS_mid",C$2) -> 29.4639 | D20: =_xll.ciqfunctions.udf.CIQ($B20,"IQ_CDS_mid",D$2) -> 29.4639 | E20: =_xll.ciqfunctions.udf.CIQ($B20,"IQ_CDS_mid",E$2) -> 29.6466 | F20: =_xll.ciqfunctions.udf.CIQ($B20,"IQ_CDS_mid",F$2) -> 29.6466 | G20: =_xll.ciqfunctions.udf.CIQ($B20,"IQ_CDS_mid",G$2) -> 29.6466 | H20: =_xll.ciqfunctions.udf.CIQ($B20,"IQ_CDS_mid",H$2) -> 30.7298 | I20: =_xll.ciqfunctions.udf.CIQ($B20,"IQ_CDS_mid",I$2) -> 30.1963 | J20: =_xll.ciqfunctions.udf.CIQ($B20,"IQ_CDS_mid",J$2) -> 28.337 | ... S20: =_xll.ciqfunctions.udf.CIQ($B20,"IQ_CDS_mid",S$2) -> 24.8605 | T20: =C20-H20 -> -1.2659 | U20: =C20-M20 -> 0.1664 | V20: =C20-Q20 -> 7.9905 | W20: =C20-R20 -> 13.4433 | X20: =C20-S20 -> 4.6034
A21: Rest of Europe | X21: =C21-S21 -> 0
A22: United Kingdom | B22: IQT46262378 | C22: =_xll.ciqfunctions.udf.CIQ($B22,"IQ_CDS_mid",C$2) -> 26.375 | D22: =_xll.ciqfunctions.udf.CIQ($B22,"IQ_CDS_mid",D$2) -> 26.375 | E22: =_xll.ciqfunctions.udf.CIQ($B22,"IQ_CDS_mid",E$2) -> 26.5916 | F22: =_xll.ciqfunctions.udf.CIQ($B22,"IQ_CDS_mid",F$2) -> 26.5916 | G22: =_xll.ciqfunctions.udf.CIQ($B22,"IQ_CDS_mid",G$2) -> 26.5916 | H22: =_xll.ciqfunctions.udf.CIQ($B22,"IQ_CDS_mid",H$2) -> 26.9023 | I22: =_xll.ciqfunctions.udf.CIQ($B22,"IQ_CDS_mid",I$2) -> 27 | J22: =_xll.ciqfunctions.udf.CIQ($B22,"IQ_CDS_mid",J$2) -> 26.0927 | ... S22: =_xll.ciqfunctions.udf.CIQ($B22,"IQ_CDS_mid",S$2) -> 22.3945 | T22: =C22-H22 -> -0.5273 | U22: =C22-M22 -> -0.4233 | V22: =C22-Q22 -> 5.1015 | W22: =C22-R22 -> 8.5417 | X22: =C22-S22 -> 3.9805
A23: Czech Republic | B23: IQT46200276 | C23: =_xll.ciqfunctions.udf.CIQ($B23,"IQ_CDS_mid",C$2) -> 34.9383 | D23: =_xll.ciqfunctions.udf.CIQ($B23,"IQ_CDS_mid",D$2) -> 34.9383 | E23: =_xll.ciqfunctions.udf.CIQ($B23,"IQ_CDS_mid",E$2) -> 34.8965 | F23: =_xll.ciqfunctions.udf.CIQ($B23,"IQ_CDS_mid",F$2) -> 34.8965 | G23: =_xll.ciqfunctions.udf.CIQ($B23,"IQ_CDS_mid",G$2) -> 34.8965 | H23: =_xll.ciqfunctions.udf.CIQ($B23,"IQ_CDS_mid",H$2) -> 34.8484 | I23: =_xll.ciqfunctions.udf.CIQ($B23,"IQ_CDS_mid",I$2) -> 34.7031 | J23: =_xll.ciqfunctions.udf.CIQ($B23,"IQ_CDS_mid",J$2) -> 34.4865 | ... S23: =_xll.ciqfunctions.udf.CIQ($B23,"IQ_CDS_mid",S$2) -> 25.5033 | T23: =C23-H23 -> 0.0899 | U23: =C23-M23 -> 1.4583 | V23: =C23-Q23 -> 1.6307 | W23: =C23-R23 -> 5.969 | X23: =C23-S23 -> 9.435
A24: Denmark | B24: IQT79639913 | C24: =_xll.ciqfunctions.udf.CIQ($B24,"IQ_CDS_mid",C$2) -> 9.494 | D24: =_xll.ciqfunctions.udf.CIQ($B24,"IQ_CDS_mid",D$2) -> 9.494 | E24: =_xll.ciqfunctions.udf.CIQ($B24,"IQ_CDS_mid",E$2) -> 9.6675 | F24: =_xll.ciqfunctions.udf.CIQ($B24,"IQ_CDS_mid",F$2) -> 9.6675 | G24: =_xll.ciqfunctions.udf.CIQ($B24,"IQ_CDS_mid",G$2) -> 9.6675 | H24: =_xll.ciqfunctions.udf.CIQ($B24,"IQ_CDS_mid",H$2) -> 9.648 | I24: =_xll.ciqfunctions.udf.CIQ($B24,"IQ_CDS_mid",I$2) -> 9.656 | J24: =_xll.ciqfunctions.udf.CIQ($B24,"IQ_CDS_mid",J$2) -> 9.71 | ... S24: =_xll.ciqfunctions.udf.CIQ($B24,"IQ_CDS_mid",S$2) -> 9.4432 | T24: =C24-H24 -> -0.154 | U24: =C24-M24 -> -0.1969 | V24: =C24-Q24 -> 0.5276 | W24: =C24-R24 -> 1.5813 | X24: =C24-S24 -> 0.0508
A25: Norway | B25: IQT51023480 | C25: =_xll.ciqfunctions.udf.CIQ($B25,"IQ_CDS_mid",C$2) -> 7.3048 | D25: =_xll.ciqfunctions.udf.CIQ($B25,"IQ_CDS_mid",D$2) -> 7.3048 | E25: =_xll.ciqfunctions.udf.CIQ($B25,"IQ_CDS_mid",E$2) -> 7.3858 | F25: =_xll.ciqfunctions.udf.CIQ($B25,"IQ_CDS_mid",F$2) -> 7.3858 | G25: =_xll.ciqfunctions.udf.CIQ($B25,"IQ_CDS_mid",G$2) -> 7.3858 | H25: =_xll.ciqfunctions.udf.CIQ($B25,"IQ_CDS_mid",H$2) -> 7.2882 | I25: =_xll.ciqfunctions.udf.CIQ($B25,"IQ_CDS_mid",I$2) -> 7.4549 | J25: =_xll.ciqfunctions.udf.CIQ($B25,"IQ_CDS_mid",J$2) -> 7.4483 | ... S25: =_xll.ciqfunctions.udf.CIQ($B25,"IQ_CDS_mid",S$2) -> 6.6601 | T25: =C25-H25 -> 0.0166 | U25: =C25-M25 -> 0.1073 | V25: =C25-Q25 -> 1.6172 | W25: =C25-R25 -> 2.809 | X25: =C25-S25 -> 0.6447
A26: Poland | B26: IQT46214879 | C26: =_xll.ciqfunctions.udf.CIQ($B26,"IQ_CDS_mid",C$2) -> 55.8744 | D26: =_xll.ciqfunctions.udf.CIQ($B26,"IQ_CDS_mid",D$2) -> 55.8744 | E26: =_xll.ciqfunctions.udf.CIQ($B26,"IQ_CDS_mid",E$2) -> 56.2562 | F26: =_xll.ciqfunctions.udf.CIQ($B26,"IQ_CDS_mid",F$2) -> 56.2562 | G26: =_xll.ciqfunctions.udf.CIQ($B26,"IQ_CDS_mid",G$2) -> 56.2562 | H26: =_xll.ciqfunctions.udf.CIQ($B26,"IQ_CDS_mid",H$2) -> 57.1988 | I26: =_xll.ciqfunctions.udf.CIQ($B26,"IQ_CDS_mid",I$2) -> 56.6695 | J26: =_xll.ciqfunctions.udf.CIQ($B26,"IQ_CDS_mid",J$2) -> 56.2049 | ... S26: =_xll.ciqfunctions.udf.CIQ($B26,"IQ_CDS_mid",S$2) -> 63.2241 | T26: =C26-H26 -> -1.3244 | U26: =C26-M26 -> -0.9594 | V26: =C26-Q26 -> 0.5279 | W26: =C26-R26 -> 5.3164 | X26: =C26-S26 -> -7.3497
A27: Sweden | B27: IQT46219922 | C27: =_xll.ciqfunctions.udf.CIQ($B27,"IQ_CDS_mid",C$2) -> 9.3881 | D27: =_xll.ciqfunctions.udf.CIQ($B27,"IQ_CDS_mid",D$2) -> 9.3881 | E27: =_xll.ciqfunctions.udf.CIQ($B27,"IQ_CDS_mid",E$2) -> 9.5133 | F27: =_xll.ciqfunctions.udf.CIQ($B27,"IQ_CDS_mid",F$2) -> 9.5133 | G27: =_xll.ciqfunctions.udf.CIQ($B27,"IQ_CDS_mid",G$2) -> 9.5133 | H27: =_xll.ciqfunctions.udf.CIQ($B27,"IQ_CDS_mid",H$2) -> 9.51 | I27: =_xll.ciqfunctions.udf.CIQ($B27,"IQ_CDS_mid",I$2) -> 9.5033 | J27: =_xll.ciqfunctions.udf.CIQ($B27,"IQ_CDS_mid",J$2) -> 9.5533 | ... S27: =_xll.ciqfunctions.udf.CIQ($B27,"IQ_CDS_mid",S$2) -> 9.6787 | T27: =C27-H27 -> -0.1219 | U27: =C27-M27 -> 0.4131 | V27: =C27-Q27 -> 1.3621 | W27: =C27-R27 -> 2.5588 | X27: =C27-S27 -> -0.2906
A28: Switzerland | B28: IQT60389516 | C28: =_xll.ciqfunctions.udf.CIQ($B28,"IQ_CDS_mid",C$2) -> 7.3787 | D28: =_xll.ciqfunctions.udf.CIQ($B28,"IQ_CDS_mid",D$2) -> 7.3787 | E28: =_xll.ciqfunctions.udf.CIQ($B28,"IQ_CDS_mid",E$2) -> 7.3462 | F28: =_xll.ciqfunctions.udf.CIQ($B28,"IQ_CDS_mid",F$2) -> 7.3462 | G28: =_xll.ciqfunctions.udf.CIQ($B28,"IQ_CDS_mid",G$2) -> 7.3462 | H28: =_xll.ciqfunctions.udf.CIQ($B28,"IQ_CDS_mid",H$2) -> 7.3071 | I28: =_xll.ciqfunctions.udf.CIQ($B28,"IQ_CDS_mid",I$2) -> 7.3961 | J28: =_xll.ciqfunctions.udf.CIQ($B28,"IQ_CDS_mid",J$2) -> 7.3074 | ... S28: =_xll.ciqfunctions.udf.CIQ($B28,"IQ_CDS_mid",S$2) -> 8.502 | T28: =C28-H28 -> 0.0716 | U28: =C28-M28 -> 0.0863 | V28: =C28-Q28 -> 0.0047 | W28: =C28-R28 -> 0.1379 | X28: =C28-S28 -> -1.1233
A29: Ukraine | B29: IQT46222292 | C29: =_xll.ciqfunctions.udf.CIQ($B29,"IQ_CDS_mid",C$2) -> 775.1536 | D29: =_xll.ciqfunctions.udf.CIQ($B29,"IQ_CDS_mid",D$2) -> 775.1536 | E29: =_xll.ciqfunctions.udf.CIQ($B29,"IQ_CDS_mid",E$2) -> 755.0861 | F29: =_xll.ciqfunctions.udf.CIQ($B29,"IQ_CDS_mid",F$2) -> 755.0861 | G29: =_xll.ciqfunctions.udf.CIQ($B29,"IQ_CDS_mid",G$2) -> 755.0861 | H29: =_xll.ciqfunctions.udf.CIQ($B29,"IQ_CDS_mid",H$2) -> 755.477 | I29: =_xll.ciqfunctions.udf.CIQ($B29,"IQ_CDS_mid",I$2) -> 755.5644 | J29: =_xll.ciqfunctions.udf.CIQ($B29,"IQ_CDS_mid",J$2) -> 755.6807 | ... S29: =_xll.ciqfunctions.udf.CIQ($B29,"IQ_CDS_mid",S$2) -> 14787.329 | T29: =C29-H29 -> 19.6766 | U29: =C29-M29 -> 20.8619 | V29: =C29-Q29 -> 188.1773 | W29: =C29-R29 -> 14.7063 | X29: =C29-S29 -> -14012.176
A30: Asia/Pacific | X30: =C30-S30 -> 0
A31: Australia | B31: IQT51023260 | C31: =_xll.ciqfunctions.udf.CIQ($B31,"IQ_CDS_mid",C$2) -> 15.8733 | D31: =_xll.ciqfunctions.udf.CIQ($B31,"IQ_CDS_mid",D$2) -> 15.8733 | E31: =_xll.ciqfunctions.udf.CIQ($B31,"IQ_CDS_mid",E$2) -> 15.9044 | F31: =_xll.ciqfunctions.udf.CIQ($B31,"IQ_CDS_mid",F$2) -> 15.9044 | G31: =_xll.ciqfunctions.udf.CIQ($B31,"IQ_CDS_mid",G$2) -> 15.9044 | H31: =_xll.ciqfunctions.udf.CIQ($B31,"IQ_CDS_mid",H$2) -> 15.8672 | I31: =_xll.ciqfunctions.udf.CIQ($B31,"IQ_CDS_mid",I$2) -> 15.6945 | J31: =_xll.ciqfunctions.udf.CIQ($B31,"IQ_CDS_mid",J$2) -> 15.7334 | ... S31: =_xll.ciqfunctions.udf.CIQ($B31,"IQ_CDS_mid",S$2) -> 11.3776 | T31: =C31-H31 -> 0.0061 | U31: =C31-M31 -> 0.031 | V31: =C31-Q31 -> 0.2437 | W31: =C31-R31 -> 1.9661 | X31: =C31-S31 -> 4.4957
A32: China | B32: IQT46215111 | C32: =_xll.ciqfunctions.udf.CIQ($B32,"IQ_CDS_mid",C$2) -> 36.2237 | D32: =_xll.ciqfunctions.udf.CIQ($B32,"IQ_CDS_mid",D$2) -> 36.2237 | E32: =_xll.ciqfunctions.udf.CIQ($B32,"IQ_CDS_mid",E$2) -> 36.4326 | F32: =_xll.ciqfunctions.udf.CIQ($B32,"IQ_CDS_mid",F$2) -> 36.4326 | G32: =_xll.ciqfunctions.udf.CIQ($B32,"IQ_CDS_mid",G$2) -> 36.4326 | H32: =_xll.ciqfunctions.udf.CIQ($B32,"IQ_CDS_mid",H$2) -> 36.6139 | I32: =_xll.ciqfunctions.udf.CIQ($B32,"IQ_CDS_mid",I$2) -> 36.0564 | J32: =_xll.ciqfunctions.udf.CIQ($B32,"IQ_CDS_mid",J$2) -> 36.434 | ... S32: =_xll.ciqfunctions.udf.CIQ($B32,"IQ_CDS_mid",S$2) -> 44.7207 | T32: =C32-H32 -> -0.3902 | U32: =C32-M32 -> -0.6489 | V32: =C32-Q32 -> 1.1556 | W32: =C32-R32 -> -1.1752 | X32: =C32-S32 -> -8.497
A33: Hong Kong | B33: IQT79639953 | C33: =_xll.ciqfunctions.udf.CIQ($B33,"IQ_CDS_mid",C$2) -> 22.1725 | D33: =_xll.ciqfunctions.udf.CIQ($B33,"IQ_CDS_mid",D$2) -> 22.1725 | E33: =_xll.ciqfunctions.udf.CIQ($B33,"IQ_CDS_mid",E$2) -> 22.1641 | F33: =_xll.ciqfunctions.udf.CIQ($B33,"IQ_CDS_mid",F$2) -> 22.1641 | G33: =_xll.ciqfunctions.udf.CIQ($B33,"IQ_CDS_mid",G$2) -> 22.1641 | H33: =_xll.ciqfunctions.udf.CIQ($B33,"IQ_CDS_mid",H$2) -> 22.1058 | I33: =_xll.ciqfunctions.udf.CIQ($B33,"IQ_CDS_mid",I$2) -> 22.0569 | J33: =_xll.ciqfunctions.udf.CIQ($B33,"IQ_CDS_mid",J$2) -> 22.001 | ... S33: =_xll.ciqfunctions.udf.CIQ($B33,"IQ_CDS_mid",S$2) -> 30.3347 | T33: =C33-H33 -> 0.0667 | U33: =C33-M33 -> 0.2334 | V33: =C33-Q33 -> 0.8552 | W33: =C33-R33 -> -2.7055 | X33: =C33-S33 -> -8.1622
A34: India | B34: IQT60388057 | C34: =_xll.ciqfunctions.udf.CIQ($B34,"IQ_CDS_mid",C$2) -> 0 | D34: =_xll.ciqfunctions.udf.CIQ($B34,"IQ_CDS_mid",D$2) -> 0 | E34: =_xll.ciqfunctions.udf.CIQ($B34,"IQ_CDS_mid",E$2) -> 0 | F34: =_xll.ciqfunctions.udf.CIQ($B34,"IQ_CDS_mid",F$2) -> 0 | G34: =_xll.ciqfunctions.udf.CIQ($B34,"IQ_CDS_mid",G$2) -> 0 | H34: =_xll.ciqfunctions.udf.CIQ($B34,"IQ_CDS_mid",H$2) -> 0 | I34: =_xll.ciqfunctions.udf.CIQ($B34,"IQ_CDS_mid",I$2) -> 0 | J34: =_xll.ciqfunctions.udf.CIQ($B34,"IQ_CDS_mid",J$2) -> 0 | ... S34: =_xll.ciqfunctions.udf.CIQ($B34,"IQ_CDS_mid",S$2) -> 43.1955 | T34: =C34-H34 -> 0 | U34: =C34-M34 -> 0 | V34: =C34-Q34 -> 0 | W34: =C34-R34 -> 0 | X34: =C34-S34 -> -43.1955
A35: Japan | B35: IQT46207789 | C35: =_xll.ciqfunctions.udf.CIQ($B35,"IQ_CDS_mid",C$2) -> 29.6297 | D35: =_xll.ciqfunctions.udf.CIQ($B35,"IQ_CDS_mid",D$2) -> 29.6297 | E35: =_xll.ciqfunctions.udf.CIQ($B35,"IQ_CDS_mid",E$2) -> 29.6222 | F35: =_xll.ciqfunctions.udf.CIQ($B35,"IQ_CDS_mid",F$2) -> 29.6222 | G35: =_xll.ciqfunctions.udf.CIQ($B35,"IQ_CDS_mid",G$2) -> 29.6222 | H35: =_xll.ciqfunctions.udf.CIQ($B35,"IQ_CDS_mid",H$2) -> 29.3785 | I35: =_xll.ciqfunctions.udf.CIQ($B35,"IQ_CDS_mid",I$2) -> 29.2353 | J35: =_xll.ciqfunctions.udf.CIQ($B35,"IQ_CDS_mid",J$2) -> 29.2483 | ... S35: =_xll.ciqfunctions.udf.CIQ($B35,"IQ_CDS_mid",S$2) -> 20.0649 | T35: =C35-H35 -> 0.2512 | U35: =C35-M35 -> 0.6911 | V35: =C35-Q35 -> 3.377 | W35: =C35-R35 -> 2.9506 | X35: =C35-S35 -> 9.5648
A36: Malaysia | B36: IQT46210032 | C36: =_xll.ciqfunctions.udf.CIQ($B36,"IQ_CDS_mid",C$2) -> 34.968 | D36: =_xll.ciqfunctions.udf.CIQ($B36,"IQ_CDS_mid",D$2) -> 34.968 | E36: =_xll.ciqfunctions.udf.CIQ($B36,"IQ_CDS_mid",E$2) -> 35.2225 | F36: =_xll.ciqfunctions.udf.CIQ($B36,"IQ_CDS_mid",F$2) -> 35.2225 | G36: =_xll.ciqfunctions.udf.CIQ($B36,"IQ_CDS_mid",G$2) -> 35.2225 | H36: =_xll.ciqfunctions.udf.CIQ($B36,"IQ_CDS_mid",H$2) -> 35.2974 | I36: =_xll.ciqfunctions.udf.CIQ($B36,"IQ_CDS_mid",I$2) -> 34.3124 | J36: =_xll.ciqfunctions.udf.CIQ($B36,"IQ_CDS_mid",J$2) -> 34.2819 | ... S36: =_xll.ciqfunctions.udf.CIQ($B36,"IQ_CDS_mid",S$2) -> 42.7121 | T36: =C36-H36 -> -0.3294 | U36: =C36-M36 -> -0.4907 | V36: =C36-Q36 -> -0.4194 | W36: =C36-R36 -> -1.9193 | X36: =C36-S36 -> -7.7441
A37: New Zealand | B37: IQT46213472 | C37: =_xll.ciqfunctions.udf.CIQ($B37,"IQ_CDS_mid",C$2) -> 16.202 | D37: =_xll.ciqfunctions.udf.CIQ($B37,"IQ_CDS_mid",D$2) -> 16.202 | E37: =_xll.ciqfunctions.udf.CIQ($B37,"IQ_CDS_mid",E$2) -> 16.1835 | F37: =_xll.ciqfunctions.udf.CIQ($B37,"IQ_CDS_mid",F$2) -> 16.1835 | G37: =_xll.ciqfunctions.udf.CIQ($B37,"IQ_CDS_mid",G$2) -> 16.1835 | H37: =_xll.ciqfunctions.udf.CIQ($B37,"IQ_CDS_mid",H$2) -> 16.0975 | I37: =_xll.ciqfunctions.udf.CIQ($B37,"IQ_CDS_mid",I$2) -> 16.1165 | J37: =_xll.ciqfunctions.udf.CIQ($B37,"IQ_CDS_mid",J$2) -> 16.1335 | ... S37: =_xll.ciqfunctions.udf.CIQ($B37,"IQ_CDS_mid",S$2) -> 13.7545 | T37: =C37-H37 -> 0.1045 | U37: =C37-M37 -> 0.138 | V37: =C37-Q37 -> 0.4205 | W37: =C37-R37 -> 1.229 | X37: =C37-S37 -> 2.4475
A38: Russia | B38: IQT46216986 | C38: =_xll.ciqfunctions.udf.CIQ($B38,"IQ_CDS_mid",C$2) -> 0 | D38: =_xll.ciqfunctions.udf.CIQ($B38,"IQ_CDS_mid",D$2) -> 0 | E38: =_xll.ciqfunctions.udf.CIQ($B38,"IQ_CDS_mid",E$2) -> 0 | F38: =_xll.ciqfunctions.udf.CIQ($B38,"IQ_CDS_mid",F$2) -> 0 | G38: =_xll.ciqfunctions.udf.CIQ($B38,"IQ_CDS_mid",G$2) -> 0 | H38: =_xll.ciqfunctions.udf.CIQ($B38,"IQ_CDS_mid",H$2) -> 0 | I38: =_xll.ciqfunctions.udf.CIQ($B38,"IQ_CDS_mid",I$2) -> 0 | J38: =_xll.ciqfunctions.udf.CIQ($B38,"IQ_CDS_mid",J$2) -> 0 | ... S38: =_xll.ciqfunctions.udf.CIQ($B38,"IQ_CDS_mid",S$2) -> 0 | T38: =C38-H38 -> 0 | U38: =C38-M38 -> 0 | V38: =C38-Q38 -> 0 | W38: =C38-R38 -> 0 | X38: =C38-S38 -> 0
A39: Singapore | B39: IQT313305879 | C39: =_xll.ciqfunctions.udf.CIQ($B39,"IQ_CDS_mid",C$2) -> 2.2939 | D39: =_xll.ciqfunctions.udf.CIQ($B39,"IQ_CDS_mid",D$2) -> 2.2939 | E39: =_xll.ciqfunctions.udf.CIQ($B39,"IQ_CDS_mid",E$2) -> 2.2939 | F39: =_xll.ciqfunctions.udf.CIQ($B39,"IQ_CDS_mid",F$2) -> 2.2939 | G39: =_xll.ciqfunctions.udf.CIQ($B39,"IQ_CDS_mid",G$2) -> 2.2939 | H39: =_xll.ciqfunctions.udf.CIQ($B39,"IQ_CDS_mid",H$2) -> 2.2939 | I39: =_xll.ciqfunctions.udf.CIQ($B39,"IQ_CDS_mid",I$2) -> 2.2939 | J39: =_xll.ciqfunctions.udf.CIQ($B39,"IQ_CDS_mid",J$2) -> 2.2939 | ... S39: =_xll.ciqfunctions.udf.CIQ($B39,"IQ_CDS_mid",S$2) -> 3.2726 | T39: =C39-H39 -> 0 | U39: =C39-M39 -> 0 | V39: =C39-Q39 -> 0 | W39: =C39-R39 -> -0.0395 | X39: =C39-S39 -> -0.9787
A40: South Korea | B40: IQT46208634 | C40: =_xll.ciqfunctions.udf.CIQ($B40,"IQ_CDS_mid",C$2) -> 23.525 | D40: =_xll.ciqfunctions.udf.CIQ($B40,"IQ_CDS_mid",D$2) -> 23.525 | E40: =_xll.ciqfunctions.udf.CIQ($B40,"IQ_CDS_mid",E$2) -> 23.5313 | F40: =_xll.ciqfunctions.udf.CIQ($B40,"IQ_CDS_mid",F$2) -> 23.5313 | G40: =_xll.ciqfunctions.udf.CIQ($B40,"IQ_CDS_mid",G$2) -> 23.5313 | H40: =_xll.ciqfunctions.udf.CIQ($B40,"IQ_CDS_mid",H$2) -> 23.701 | I40: =_xll.ciqfunctions.udf.CIQ($B40,"IQ_CDS_mid",I$2) -> 23.6514 | J40: =_xll.ciqfunctions.udf.CIQ($B40,"IQ_CDS_mid",J$2) -> 24.0312 | ... S40: =_xll.ciqfunctions.udf.CIQ($B40,"IQ_CDS_mid",S$2) -> 24.6812 | T40: =C40-H40 -> -0.176 | U40: =C40-M40 -> -0.7266 | V40: =C40-Q40 -> -0.1 | W40: =C40-R40 -> 0.7516 | X40: =C40-S40 -> -1.1562
A41: Taiwan
A42: Thailand | B42: IQT46220803 | C42: =_xll.ciqfunctions.udf.CIQ($B42,"IQ_CDS_mid",C$2) -> 39.9167 | D42: =_xll.ciqfunctions.udf.CIQ($B42,"IQ_CDS_mid",D$2) -> 39.9167 | E42: =_xll.ciqfunctions.udf.CIQ($B42,"IQ_CDS_mid",E$2) -> 39.6234 | F42: =_xll.ciqfunctions.udf.CIQ($B42,"IQ_CDS_mid",F$2) -> 39.6234 | G42: =_xll.ciqfunctions.udf.CIQ($B42,"IQ_CDS_mid",G$2) -> 39.6234 | H42: =_xll.ciqfunctions.udf.CIQ($B42,"IQ_CDS_mid",H$2) -> 40.1279 | I42: =_xll.ciqfunctions.udf.CIQ($B42,"IQ_CDS_mid",I$2) -> 39.5055 | J42: =_xll.ciqfunctions.udf.CIQ($B42,"IQ_CDS_mid",J$2) -> 40.2748 | ... S42: =_xll.ciqfunctions.udf.CIQ($B42,"IQ_CDS_mid",S$2) -> 41.9811 | T42: =C42-H42 -> -0.2112 | U42: =C42-M42 -> -1.5753 | V42: =C42-Q42 -> -0.5833 | W42: =C42-R42 -> -1.4511 | X42: =C42-S42 -> -2.0644
A43: Africa | X43: =C43-S43 -> 0
A44: South Africa | B44: IQT46218674 | C44: =_xll.ciqfunctions.udf.CIQ($B44,"IQ_CDS_mid",C$2) -> 134.959 | D44: =_xll.ciqfunctions.udf.CIQ($B44,"IQ_CDS_mid",D$2) -> 134.959 | E44: =_xll.ciqfunctions.udf.CIQ($B44,"IQ_CDS_mid",E$2) -> 135.1773 | F44: =_xll.ciqfunctions.udf.CIQ($B44,"IQ_CDS_mid",F$2) -> 135.1773 | G44: =_xll.ciqfunctions.udf.CIQ($B44,"IQ_CDS_mid",G$2) -> 135.1773 | H44: =_xll.ciqfunctions.udf.CIQ($B44,"IQ_CDS_mid",H$2) -> 138.571 | I44: =_xll.ciqfunctions.udf.CIQ($B44,"IQ_CDS_mid",I$2) -> 137.4487 | J44: =_xll.ciqfunctions.udf.CIQ($B44,"IQ_CDS_mid",J$2) -> 135.556 | ... S44: =_xll.ciqfunctions.udf.CIQ($B44,"IQ_CDS_mid",S$2) -> 172.7561 | T44: =C44-H44 -> -3.612 | U44: =C44-M44 -> -8.7183 | V44: =C44-Q44 -> 2.6916 | W44: =C44-R44 -> 10.5774 | X44: =C44-S44 -> -37.7971
X45: =C45-S45 -> 0
X46: =C46-S46 -> 0
A47: America | X47: =C47-S47 -> 0
A48: Citigroup | B48: IQT46197694 | C48: =_xll.ciqfunctions.udf.CIQ($B48,"IQ_CDS_mid",C$2) -> 61.5976 | D48: =_xll.ciqfunctions.udf.CIQ($B48,"IQ_CDS_mid",D$2) -> 61.5976 | E48: =_xll.ciqfunctions.udf.CIQ($B48,"IQ_CDS_mid",E$2) -> 61.4571 | F48: =_xll.ciqfunctions.udf.CIQ($B48,"IQ_CDS_mid",F$2) -> 61.4571 | G48: =_xll.ciqfunctions.udf.CIQ($B48,"IQ_CDS_mid",G$2) -> 61.4571 | H48: =_xll.ciqfunctions.udf.CIQ($B48,"IQ_CDS_mid",H$2) -> 62.2149 | I48: =_xll.ciqfunctions.udf.CIQ($B48,"IQ_CDS_mid",I$2) -> 61.6796 | J48: =_xll.ciqfunctions.udf.CIQ($B48,"IQ_CDS_mid",J$2) -> 60.761 | ... S48: =_xll.ciqfunctions.udf.CIQ($B48,"IQ_CDS_mid",S$2) -> 59.296 | T48: =C48-H48 -> -0.6173 | U48: =C48-M48 -> -0.2595 | V48: =C48-Q48 -> 0.2156 | W48: =C48-R48 -> 9.5455 | X48: =C48-S48 -> 2.3016
A49: Bank of America | B49: IQT46195491 | C49: =_xll.ciqfunctions.udf.CIQ($B49,"IQ_CDS_mid",C$2) -> 62.6206 | D49: =_xll.ciqfunctions.udf.CIQ($B49,"IQ_CDS_mid",D$2) -> 62.6206 | E49: =_xll.ciqfunctions.udf.CIQ($B49,"IQ_CDS_mid",E$2) -> 62.5361 | F49: =_xll.ciqfunctions.udf.CIQ($B49,"IQ_CDS_mid",F$2) -> 62.5361 | G49: =_xll.ciqfunctions.udf.CIQ($B49,"IQ_CDS_mid",G$2) -> 62.5361 | H49: =_xll.ciqfunctions.udf.CIQ($B49,"IQ_CDS_mid",H$2) -> 63.336 | I49: =_xll.ciqfunctions.udf.CIQ($B49,"IQ_CDS_mid",I$2) -> 62.7381 | J49: =_xll.ciqfunctions.udf.CIQ($B49,"IQ_CDS_mid",J$2) -> 62.2015 | ... S49: =_xll.ciqfunctions.udf.CIQ($B49,"IQ_CDS_mid",S$2) -> 59.3421 | T49: =C49-H49 -> -0.7154 | U49: =C49-M49 -> -1.2415 | V49: =C49-Q49 -> 0.6366 | W49: =C49-R49 -> 8.3941 | X49: =C49-S49 -> 3.2785
A50: JPMorgan Chase & Co | B50: IQT46207872 | C50: =_xll.ciqfunctions.udf.CIQ($B50,"IQ_CDS_mid",C$2) -> 44.2016 | D50: =_xll.ciqfunctions.udf.CIQ($B50,"IQ_CDS_mid",D$2) -> 44.2016 | E50: =_xll.ciqfunctions.udf.CIQ($B50,"IQ_CDS_mid",E$2) -> 44.0995 | F50: =_xll.ciqfunctions.udf.CIQ($B50,"IQ_CDS_mid",F$2) -> 44.0995 | G50: =_xll.ciqfunctions.udf.CIQ($B50,"IQ_CDS_mid",G$2) -> 44.0995 | H50: =_xll.ciqfunctions.udf.CIQ($B50,"IQ_CDS_mid",H$2) -> 44.4103 | I50: =_xll.ciqfunctions.udf.CIQ($B50,"IQ_CDS_mid",I$2) -> 44.3866 | J50: =_xll.ciqfunctions.udf.CIQ($B50,"IQ_CDS_mid",J$2) -> 43.4859 | ... S50: =_xll.ciqfunctions.udf.CIQ($B50,"IQ_CDS_mid",S$2) -> 46.4635 | T50: =C50-H50 -> -0.2087 | U50: =C50-M50 -> 0.0695 | V50: =C50-Q50 -> 1.1319 | W50: =C50-R50 -> 4.1548 | X50: =C50-S50 -> -2.2619
A51: Goldman Sachs Group | B51: IQT46204957 | C51: =_xll.ciqfunctions.udf.CIQ($B51,"IQ_CDS_mid",C$2) -> 62.4528 | D51: =_xll.ciqfunctions.udf.CIQ($B51,"IQ_CDS_mid",D$2) -> 62.4528 | E51: =_xll.ciqfunctions.udf.CIQ($B51,"IQ_CDS_mid",E$2) -> 62.5598 | F51: =_xll.ciqfunctions.udf.CIQ($B51,"IQ_CDS_mid",F$2) -> 62.5598 | G51: =_xll.ciqfunctions.udf.CIQ($B51,"IQ_CDS_mid",G$2) -> 62.5598 | H51: =_xll.ciqfunctions.udf.CIQ($B51,"IQ_CDS_mid",H$2) -> 62.697 | I51: =_xll.ciqfunctions.udf.CIQ($B51,"IQ_CDS_mid",I$2) -> 62.3593 | J51: =_xll.ciqfunctions.udf.CIQ($B51,"IQ_CDS_mid",J$2) -> 61.2138 | ... S51: =_xll.ciqfunctions.udf.CIQ($B51,"IQ_CDS_mid",S$2) -> 62.7129 | T51: =C51-H51 -> -0.2442 | U51: =C51-M51 -> 0.3657 | V51: =C51-Q51 -> 1.384 | W51: =C51-R51 -> 8.3266 | X51: =C51-S51 -> -0.2601
A52: Morgan Stanley | B52: IQT46470877 | C52: =_xll.ciqfunctions.udf.CIQ($B52,"IQ_CDS_mid",C$2) -> 64.0003 | D52: =_xll.ciqfunctions.udf.CIQ($B52,"IQ_CDS_mid",D$2) -> 64.0003 | E52: =_xll.ciqfunctions.udf.CIQ($B52,"IQ_CDS_mid",E$2) -> 64.0623 | F52: =_xll.ciqfunctions.udf.CIQ($B52,"IQ_CDS_mid",F$2) -> 64.0623 | G52: =_xll.ciqfunctions.udf.CIQ($B52,"IQ_CDS_mid",G$2) -> 64.0623 | H52: =_xll.ciqfunctions.udf.CIQ($B52,"IQ_CDS_mid",H$2) -> 64.5113 | I52: =_xll.ciqfunctions.udf.CIQ($B52,"IQ_CDS_mid",I$2) -> 64.1167 | J52: =_xll.ciqfunctions.udf.CIQ($B52,"IQ_CDS_mid",J$2) -> 63.3599 | ... S52: =_xll.ciqfunctions.udf.CIQ($B52,"IQ_CDS_mid",S$2) -> 58.3269 | T52: =C52-H52 -> -0.511 | U52: =C52-M52 -> -0.2672 | V52: =C52-Q52 -> 0.1516 | W52: =C52-R52 -> 8.231 | X52: =C52-S52 -> 5.6734
A53: Wells Fargo | B53: IQT46223646 | C53: =_xll.ciqfunctions.udf.CIQ($B53,"IQ_CDS_mid",C$2) -> 56.6459 | D53: =_xll.ciqfunctions.udf.CIQ($B53,"IQ_CDS_mid",D$2) -> 56.6459 | E53: =_xll.ciqfunctions.udf.CIQ($B53,"IQ_CDS_mid",E$2) -> 56.5342 | F53: =_xll.ciqfunctions.udf.CIQ($B53,"IQ_CDS_mid",F$2) -> 56.5342 | G53: =_xll.ciqfunctions.udf.CIQ($B53,"IQ_CDS_mid",G$2) -> 56.5342 | H53: =_xll.ciqfunctions.udf.CIQ($B53,"IQ_CDS_mid",H$2) -> 57.1257 | I53: =_xll.ciqfunctions.udf.CIQ($B53,"IQ_CDS_mid",I$2) -> 57.0449 | J53: =_xll.ciqfunctions.udf.CIQ($B53,"IQ_CDS_mid",J$2) -> 56.0391 | ... S53: =_xll.ciqfunctions.udf.CIQ($B53,"IQ_CDS_mid",S$2) -> 53.2978 | T53: =C53-H53 -> -0.4798 | U53: =C53-M53 -> -0.0125 | V53: =C53-Q53 -> 0.7982 | W53: =C53-R53 -> 7.35 | X53: =C53-S53 -> 3.3481
A54: State Street Bank & Trust | B54: IQT323680130 | C54: =_xll.ciqfunctions.udf.CIQ($B54,"IQ_CDS_mid",C$2) -> 55.5407 | D54: =_xll.ciqfunctions.udf.CIQ($B54,"IQ_CDS_mid",D$2) -> 55.5407 | E54: =_xll.ciqfunctions.udf.CIQ($B54,"IQ_CDS_mid",E$2) -> 55.3899 | F54: =_xll.ciqfunctions.udf.CIQ($B54,"IQ_CDS_mid",F$2) -> 55.3899 | G54: =_xll.ciqfunctions.udf.CIQ($B54,"IQ_CDS_mid",G$2) -> 55.3899 | H54: =_xll.ciqfunctions.udf.CIQ($B54,"IQ_CDS_mid",H$2) -> 55.3224 | I54: =_xll.ciqfunctions.udf.CIQ($B54,"IQ_CDS_mid",I$2) -> 55.2011 | J54: =_xll.ciqfunctions.udf.CIQ($B54,"IQ_CDS_mid",J$2) -> 55.2419 | ... S54: =_xll.ciqfunctions.udf.CIQ($B54,"IQ_CDS_mid",S$2) -> 53.8928 | T54: =C54-H54 -> 0.2183 | U54: =C54-M54 -> -2.9807 | V54: =C54-Q54 -> -1.9299 | W54: =C54-R54 -> 2.6854 | X54: =C54-S54 -> 1.6479
A55: France | X55: =C55-S55 -> 0
A56: BNP Paribas SA | B56: IQT46225006 | C56: =_xll.ciqfunctions.udf.CIQ($B56,"IQ_CDS_mid",C$2) -> 63.9636 | D56: =_xll.ciqfunctions.udf.CIQ($B56,"IQ_CDS_mid",D$2) -> 63.9636 | E56: =_xll.ciqfunctions.udf.CIQ($B56,"IQ_CDS_mid",E$2) -> 62.7004 | F56: =_xll.ciqfunctions.udf.CIQ($B56,"IQ_CDS_mid",F$2) -> 62.7004 | G56: =_xll.ciqfunctions.udf.CIQ($B56,"IQ_CDS_mid",G$2) -> 62.7004 | H56: =_xll.ciqfunctions.udf.CIQ($B56,"IQ_CDS_mid",H$2) -> 63.9969 | I56: =_xll.ciqfunctions.udf.CIQ($B56,"IQ_CDS_mid",I$2) -> 64.4071 | J56: =_xll.ciqfunctions.udf.CIQ($B56,"IQ_CDS_mid",J$2) -> 62.2842 | ... S56: =_xll.ciqfunctions.udf.CIQ($B56,"IQ_CDS_mid",S$2) -> 48.3266 | T56: =C56-H56 -> -0.0333 | U56: =C56-M56 -> -3.2462 | V56: =C56-Q56 -> 5.1464 | W56: =C56-R56 -> 22.2554 | X56: =C56-S56 -> 15.637
A57: Credit Agricole SA | B57: IQT46224740 | C57: =_xll.ciqfunctions.udf.CIQ($B57,"IQ_CDS_mid",C$2) -> 59.2271 | D57: =_xll.ciqfunctions.udf.CIQ($B57,"IQ_CDS_mid",D$2) -> 59.2271 | E57: =_xll.ciqfunctions.udf.CIQ($B57,"IQ_CDS_mid",E$2) -> 58.5582 | F57: =_xll.ciqfunctions.udf.CIQ($B57,"IQ_CDS_mid",F$2) -> 58.5582 | G57: =_xll.ciqfunctions.udf.CIQ($B57,"IQ_CDS_mid",G$2) -> 58.5582 | H57: =_xll.ciqfunctions.udf.CIQ($B57,"IQ_CDS_mid",H$2) -> 59.084 | I57: =_xll.ciqfunctions.udf.CIQ($B57,"IQ_CDS_mid",I$2) -> 59.88 | J57: =_xll.ciqfunctions.udf.CIQ($B57,"IQ_CDS_mid",J$2) -> 57.0114 | ... S57: =_xll.ciqfunctions.udf.CIQ($B57,"IQ_CDS_mid",S$2) -> 46.1987 | T57: =C57-H57 -> 0.1431 | U57: =C57-M57 -> -3.132 | V57: =C57-Q57 -> 5.9847 | W57: =C57-R57 -> 25.5021 | X57: =C57-S57 -> 13.0284
A58: Societe Generale SA | B58: IQT46226132 | C58: =_xll.ciqfunctions.udf.CIQ($B58,"IQ_CDS_mid",C$2) -> 68.15 | D58: =_xll.ciqfunctions.udf.CIQ($B58,"IQ_CDS_mid",D$2) -> 68.15 | E58: =_xll.ciqfunctions.udf.CIQ($B58,"IQ_CDS_mid",E$2) -> 67.2761 | F58: =_xll.ciqfunctions.udf.CIQ($B58,"IQ_CDS_mid",F$2) -> 67.2761 | G58: =_xll.ciqfunctions.udf.CIQ($B58,"IQ_CDS_mid",G$2) -> 67.2761 | H58: =_xll.ciqfunctions.udf.CIQ($B58,"IQ_CDS_mid",H$2) -> 68.49 | I58: =_xll.ciqfunctions.udf.CIQ($B58,"IQ_CDS_mid",I$2) -> 68.8548 | J58: =_xll.ciqfunctions.udf.CIQ($B58,"IQ_CDS_mid",J$2) -> 64.6939 | ... S58: =_xll.ciqfunctions.udf.CIQ($B58,"IQ_CDS_mid",S$2) -> 56.5779 | T58: =C58-H58 -> -0.34 | U58: =C58-M58 -> -1.5309 | V58: =C58-Q58 -> 7.9385 | W58: =C58-R58 -> 26.29 | X58: =C58-S58 -> 11.5721
A59: Switzerland | X59: =C59-S59 -> 0
A60: UBS Group AG** | B60: IQT528936812 | C60: =_xll.ciqfunctions.udf.CIQ($B60,"IQ_CDS_mid",C$2) -> 57.6526 | D60: =_xll.ciqfunctions.udf.CIQ($B60,"IQ_CDS_mid",D$2) -> 57.6526 | E60: =_xll.ciqfunctions.udf.CIQ($B60,"IQ_CDS_mid",E$2) -> 57.2478 | F60: =_xll.ciqfunctions.udf.CIQ($B60,"IQ_CDS_mid",F$2) -> 57.2478 | G60: =_xll.ciqfunctions.udf.CIQ($B60,"IQ_CDS_mid",G$2) -> 57.2478 | H60: =_xll.ciqfunctions.udf.CIQ($B60,"IQ_CDS_mid",H$2) -> 57.6608 | I60: =_xll.ciqfunctions.udf.CIQ($B60,"IQ_CDS_mid",I$2) -> 56.9843 | J60: =_xll.ciqfunctions.udf.CIQ($B60,"IQ_CDS_mid",J$2) -> 55.3882 | ... S60: =_xll.ciqfunctions.udf.CIQ($B60,"IQ_CDS_mid",S$2) -> 53.0142 | T60: =C60-H60 -> -0.0082 | U60: =C60-M60 -> 0.1287 | V60: =C60-Q60 -> 3.6382 | W60: =C60-R60 -> 10.7883 | X60: =C60-S60 -> 4.6384
A61: Credit Suisse Group AG | B61: IQT46199841 | C61: =_xll.ciqfunctions.udf.CIQ($B61,"IQ_CDS_mid",C$2) -> 0 | D61: =_xll.ciqfunctions.udf.CIQ($B61,"IQ_CDS_mid",D$2) -> 0 | E61: =_xll.ciqfunctions.udf.CIQ($B61,"IQ_CDS_mid",E$2) -> 0 | F61: =_xll.ciqfunctions.udf.CIQ($B61,"IQ_CDS_mid",F$2) -> 0 | G61: =_xll.ciqfunctions.udf.CIQ($B61,"IQ_CDS_mid",G$2) -> 0 | H61: =_xll.ciqfunctions.udf.CIQ($B61,"IQ_CDS_mid",H$2) -> 0 | I61: =_xll.ciqfunctions.udf.CIQ($B61,"IQ_CDS_mid",I$2) -> 0 | J61: =_xll.ciqfunctions.udf.CIQ($B61,"IQ_CDS_mid",J$2) -> 0 | ... S61: =_xll.ciqfunctions.udf.CIQ($B61,"IQ_CDS_mid",S$2) -> 0 | T61: =C61-H61 -> 0 | U61: =C61-M61 -> 0 | V61: =C61-Q61 -> 0 | W61: =C61-R61 -> 0 | X61: =C61-S61 -> 0
A62: U.K. | X62: =C62-S62 -> 0
A63: Barclays Bank PLC | B63: IQT286096131 | C63: =_xll.ciqfunctions.udf.CIQ($B63,"IQ_CDS_mid",C$2) -> 72.9514 | D63: =_xll.ciqfunctions.udf.CIQ($B63,"IQ_CDS_mid",D$2) -> 72.9514 | E63: =_xll.ciqfunctions.udf.CIQ($B63,"IQ_CDS_mid",E$2) -> 72.4725 | F63: =_xll.ciqfunctions.udf.CIQ($B63,"IQ_CDS_mid",F$2) -> 72.4725 | G63: =_xll.ciqfunctions.udf.CIQ($B63,"IQ_CDS_mid",G$2) -> 72.4725 | H63: =_xll.ciqfunctions.udf.CIQ($B63,"IQ_CDS_mid",H$2) -> 73.2012 | I63: =_xll.ciqfunctions.udf.CIQ($B63,"IQ_CDS_mid",I$2) -> 72.9508 | J63: =_xll.ciqfunctions.udf.CIQ($B63,"IQ_CDS_mid",J$2) -> 70.6194 | ... S63: =_xll.ciqfunctions.udf.CIQ($B63,"IQ_CDS_mid",S$2) -> 72.0009 | T63: =C63-H63 -> -0.2498 | U63: =C63-M63 -> -0.3743 | V63: =C63-Q63 -> 5.5085 | W63: =C63-R63 -> 12.2481 | X63: =C63-S63 -> 0.9505
A64: HSBC Holdings PLC | B64: IQT46225374 | C64: =_xll.ciqfunctions.udf.CIQ($B64,"IQ_CDS_mid",C$2) -> 49.0282 | D64: =_xll.ciqfunctions.udf.CIQ($B64,"IQ_CDS_mid",D$2) -> 49.0282 | E64: =_xll.ciqfunctions.udf.CIQ($B64,"IQ_CDS_mid",E$2) -> 48.4356 | F64: =_xll.ciqfunctions.udf.CIQ($B64,"IQ_CDS_mid",F$2) -> 48.4356 | G64: =_xll.ciqfunctions.udf.CIQ($B64,"IQ_CDS_mid",G$2) -> 48.4356 | H64: =_xll.ciqfunctions.udf.CIQ($B64,"IQ_CDS_mid",H$2) -> 49.2744 | I64: =_xll.ciqfunctions.udf.CIQ($B64,"IQ_CDS_mid",I$2) -> 49.3923 | J64: =_xll.ciqfunctions.udf.CIQ($B64,"IQ_CDS_mid",J$2) -> 47.5258 | ... S64: =_xll.ciqfunctions.udf.CIQ($B64,"IQ_CDS_mid",S$2) -> 53.3858 | T64: =C64-H64 -> -0.2462 | U64: =C64-M64 -> -0.6325 | V64: =C64-Q64 -> 3.2325 | W64: =C64-R64 -> 10.5682 | X64: =C64-S64 -> -4.3576
A65: RBS Group PLC | B65: IQT263213132 | C65: =_xll.ciqfunctions.udf.CIQ($B65,"IQ_CDS_mid",C$2) -> 67.5573 | D65: =_xll.ciqfunctions.udf.CIQ($B65,"IQ_CDS_mid",D$2) -> 67.5573 | E65: =_xll.ciqfunctions.udf.CIQ($B65,"IQ_CDS_mid",E$2) -> 67.4128 | F65: =_xll.ciqfunctions.udf.CIQ($B65,"IQ_CDS_mid",F$2) -> 67.4128 | G65: =_xll.ciqfunctions.udf.CIQ($B65,"IQ_CDS_mid",G$2) -> 67.4128 | H65: =_xll.ciqfunctions.udf.CIQ($B65,"IQ_CDS_mid",H$2) -> 68.284 | I65: =_xll.ciqfunctions.udf.CIQ($B65,"IQ_CDS_mid",I$2) -> 67.6381 | J65: =_xll.ciqfunctions.udf.CIQ($B65,"IQ_CDS_mid",J$2) -> 65.6122 | ... S65: =_xll.ciqfunctions.udf.CIQ($B65,"IQ_CDS_mid",S$2) -> 63.3097 | T65: =C65-H65 -> -0.7267 | U65: =C65-M65 -> -0.5528 | V65: =C65-Q65 -> 2.8958 | W65: =C65-R65 -> 12.2276 | X65: =C65-S65 -> 4.2476
A66: Standard Chartered Bank | B66: IQT254955233 | C66: =_xll.ciqfunctions.udf.CIQ($B66,"IQ_CDS_mid",C$2) -> 53.8167 | D66: =_xll.ciqfunctions.udf.CIQ($B66,"IQ_CDS_mid",D$2) -> 53.8167 | E66: =_xll.ciqfunctions.udf.CIQ($B66,"IQ_CDS_mid",E$2) -> 52.8262 | F66: =_xll.ciqfunctions.udf.CIQ($B66,"IQ_CDS_mid",F$2) -> 52.8262 | G66: =_xll.ciqfunctions.udf.CIQ($B66,"IQ_CDS_mid",G$2) -> 52.8262 | H66: =_xll.ciqfunctions.udf.CIQ($B66,"IQ_CDS_mid",H$2) -> 53.5953 | I66: =_xll.ciqfunctions.udf.CIQ($B66,"IQ_CDS_mid",I$2) -> 53.3235 | J66: =_xll.ciqfunctions.udf.CIQ($B66,"IQ_CDS_mid",J$2) -> 51.281 | ... S66: =_xll.ciqfunctions.udf.CIQ($B66,"IQ_CDS_mid",S$2) -> 58.7469 | T66: =C66-H66 -> 0.2214 | U66: =C66-M66 -> -0.184 | V66: =C66-Q66 -> 4.3335 | W66: =C66-R66 -> 10.7167 | X66: =C66-S66 -> -4.9302
A67: Germany | X67: =C67-S67 -> 0
A68: Deutche Bank AG | B68: IQT46200412 | C68: =_xll.ciqfunctions.udf.CIQ($B68,"IQ_CDS_mid",C$2) -> 57.75 | D68: =_xll.ciqfunctions.udf.CIQ($B68,"IQ_CDS_mid",D$2) -> 57.75 | E68: =_xll.ciqfunctions.udf.CIQ($B68,"IQ_CDS_mid",E$2) -> 56.5333 | F68: =_xll.ciqfunctions.udf.CIQ($B68,"IQ_CDS_mid",F$2) -> 56.5333 | G68: =_xll.ciqfunctions.udf.CIQ($B68,"IQ_CDS_mid",G$2) -> 56.5333 | H68: =_xll.ciqfunctions.udf.CIQ($B68,"IQ_CDS_mid",H$2) -> 57.4935 | I68: =_xll.ciqfunctions.udf.CIQ($B68,"IQ_CDS_mid",I$2) -> 56.6891 | J68: =_xll.ciqfunctions.udf.CIQ($B68,"IQ_CDS_mid",J$2) -> 54.7126 | ... S68: =_xll.ciqfunctions.udf.CIQ($B68,"IQ_CDS_mid",S$2) -> 57.7077 | T68: =C68-H68 -> 0.2565 | U68: =C68-M68 -> 0.86 | V68: =C68-Q68 -> 3.9197 | W68: =C68-R68 -> 11.3175 | X68: =C68-S68 -> 0.0423
A69: Commerzbank | B69: IQT46225083 | C69: =_xll.ciqfunctions.udf.CIQ($B69,"IQ_CDS_mid",C$2) -> 44.2435 | D69: =_xll.ciqfunctions.udf.CIQ($B69,"IQ_CDS_mid",D$2) -> 44.2435 | E69: =_xll.ciqfunctions.udf.CIQ($B69,"IQ_CDS_mid",E$2) -> 44.1401 | F69: =_xll.ciqfunctions.udf.CIQ($B69,"IQ_CDS_mid",F$2) -> 44.1401 | G69: =_xll.ciqfunctions.udf.CIQ($B69,"IQ_CDS_mid",G$2) -> 44.1401 | H69: =_xll.ciqfunctions.udf.CIQ($B69,"IQ_CDS_mid",H$2) -> 44.625 | I69: =_xll.ciqfunctions.udf.CIQ($B69,"IQ_CDS_mid",I$2) -> 44.272 | J69: =_xll.ciqfunctions.udf.CIQ($B69,"IQ_CDS_mid",J$2) -> 42.3249 | ... S69: =_xll.ciqfunctions.udf.CIQ($B69,"IQ_CDS_mid",S$2) -> 44.7143 | T69: =C69-H69 -> -0.3815 | U69: =C69-M69 -> 0.3562 | V69: =C69-Q69 -> 3.555 | W69: =C69-R69 -> 6.8675 | X69: =C69-S69 -> -0.4708
A70: Denmark | X70: =C70-S70 -> 0
A71: Danske | B71: IQT46200364 | C71: =_xll.ciqfunctions.udf.CIQ($B71,"IQ_CDS_mid",C$2) -> 30.75 | D71: =_xll.ciqfunctions.udf.CIQ($B71,"IQ_CDS_mid",D$2) -> 30.75 | E71: =_xll.ciqfunctions.udf.CIQ($B71,"IQ_CDS_mid",E$2) -> 30.4583 | F71: =_xll.ciqfunctions.udf.CIQ($B71,"IQ_CDS_mid",F$2) -> 30.4583 | G71: =_xll.ciqfunctions.udf.CIQ($B71,"IQ_CDS_mid",G$2) -> 30.4583 | H71: =_xll.ciqfunctions.udf.CIQ($B71,"IQ_CDS_mid",H$2) -> 30.8813 | I71: =_xll.ciqfunctions.udf.CIQ($B71,"IQ_CDS_mid",I$2) -> 30.6993 | J71: =_xll.ciqfunctions.udf.CIQ($B71,"IQ_CDS_mid",J$2) -> 29.6312 | ... S71: =_xll.ciqfunctions.udf.CIQ($B71,"IQ_CDS_mid",S$2) -> 36.5504 | T71: =C71-H71 -> -0.1313 | U71: =C71-M71 -> 0.3658 | V71: =C71-Q71 -> 2.4917 | W71: =C71-R71 -> 5.77 | X71: =C71-S71 -> -5.8004
A72: Japan | X72: =C72-S72 -> 0
A73: Mitsubishi | B73: IQT46225715 | C73: =_xll.ciqfunctions.udf.CIQ($B73,"IQ_CDS_mid",C$2) -> 43.3178 | D73: =_xll.ciqfunctions.udf.CIQ($B73,"IQ_CDS_mid",D$2) -> 43.3178 | E73: =_xll.ciqfunctions.udf.CIQ($B73,"IQ_CDS_mid",E$2) -> 43.5764 | F73: =_xll.ciqfunctions.udf.CIQ($B73,"IQ_CDS_mid",F$2) -> 43.5764 | G73: =_xll.ciqfunctions.udf.CIQ($B73,"IQ_CDS_mid",G$2) -> 43.5764 | H73: =_xll.ciqfunctions.udf.CIQ($B73,"IQ_CDS_mid",H$2) -> 43.2689 | I73: =_xll.ciqfunctions.udf.CIQ($B73,"IQ_CDS_mid",I$2) -> 43.1551 | J73: =_xll.ciqfunctions.udf.CIQ($B73,"IQ_CDS_mid",J$2) -> 42.9805 | ... S73: =_xll.ciqfunctions.udf.CIQ($B73,"IQ_CDS_mid",S$2) -> 34.1638 | T73: =C73-H73 -> 0.0489 | U73: =C73-M73 -> 0.3043 | V73: =C73-Q73 -> -0.0259 | W73: =C73-R73 -> 2.1441 | X73: =C73-S73 -> 9.154
A74: Sumitomo | B74: IQT62270107 | C74: =_xll.ciqfunctions.udf.CIQ($B74,"IQ_CDS_mid",C$2) -> 44.9231 | D74: =_xll.ciqfunctions.udf.CIQ($B74,"IQ_CDS_mid",D$2) -> 44.9231 | E74: =_xll.ciqfunctions.udf.CIQ($B74,"IQ_CDS_mid",E$2) -> 45.0393 | F74: =_xll.ciqfunctions.udf.CIQ($B74,"IQ_CDS_mid",F$2) -> 45.0393 | G74: =_xll.ciqfunctions.udf.CIQ($B74,"IQ_CDS_mid",G$2) -> 45.0393 | H74: =_xll.ciqfunctions.udf.CIQ($B74,"IQ_CDS_mid",H$2) -> 45.6279 | I74: =_xll.ciqfunctions.udf.CIQ($B74,"IQ_CDS_mid",I$2) -> 45.1184 | J74: =_xll.ciqfunctions.udf.CIQ($B74,"IQ_CDS_mid",J$2) -> 45.4209 | ... S74: =_xll.ciqfunctions.udf.CIQ($B74,"IQ_CDS_mid",S$2) -> 29.7078 | T74: =C74-H74 -> -0.7048 | U74: =C74-M74 -> -0.3574 | V74: =C74-Q74 -> 0.7973 | W74: =C74-R74 -> 3.6713 | X74: =C74-S74 -> 15.2153
A75: Mizuho | B75: IQT79634901 | C75: =_xll.ciqfunctions.udf.CIQ($B75,"IQ_CDS_mid",C$2) -> 56.5179 | D75: =_xll.ciqfunctions.udf.CIQ($B75,"IQ_CDS_mid",D$2) -> 56.5179 | E75: =_xll.ciqfunctions.udf.CIQ($B75,"IQ_CDS_mid",E$2) -> 56.543 | F75: =_xll.ciqfunctions.udf.CIQ($B75,"IQ_CDS_mid",F$2) -> 56.543 | G75: =_xll.ciqfunctions.udf.CIQ($B75,"IQ_CDS_mid",G$2) -> 56.543 | H75: =_xll.ciqfunctions.udf.CIQ($B75,"IQ_CDS_mid",H$2) -> 56.5203 | I75: =_xll.ciqfunctions.udf.CIQ($B75,"IQ_CDS_mid",I$2) -> 56.5058 | J75: =_xll.ciqfunctions.udf.CIQ($B75,"IQ_CDS_mid",J$2) -> 56.5174 | ... S75: =_xll.ciqfunctions.udf.CIQ($B75,"IQ_CDS_mid",S$2) -> 55.7815 | T75: =C75-H75 -> -0.0024 | U75: =C75-M75 -> 0.0196 | V75: =C75-Q75 -> -0.0763 | W75: =C75-R75 -> 15.3698 | X75: =C75-S75 -> 0.7364
A76: Daiwa | B76: IQT46200317 | C76: =_xll.ciqfunctions.udf.CIQ($B76,"IQ_CDS_mid",C$2) -> 69.4133 | D76: =_xll.ciqfunctions.udf.CIQ($B76,"IQ_CDS_mid",D$2) -> 69.4133 | E76: =_xll.ciqfunctions.udf.CIQ($B76,"IQ_CDS_mid",E$2) -> 69.9491 | F76: =_xll.ciqfunctions.udf.CIQ($B76,"IQ_CDS_mid",F$2) -> 69.9491 | G76: =_xll.ciqfunctions.udf.CIQ($B76,"IQ_CDS_mid",G$2) -> 69.9491 | H76: =_xll.ciqfunctions.udf.CIQ($B76,"IQ_CDS_mid",H$2) -> 70.4683 | I76: =_xll.ciqfunctions.udf.CIQ($B76,"IQ_CDS_mid",I$2) -> 70.0209 | J76: =_xll.ciqfunctions.udf.CIQ($B76,"IQ_CDS_mid",J$2) -> 70.2497 | ... S76: =_xll.ciqfunctions.udf.CIQ($B76,"IQ_CDS_mid",S$2) -> 71.3861 | T76: =C76-H76 -> -1.055 | U76: =C76-M76 -> -0.7913 | V76: =C76-Q76 -> 0.0518 | W76: =C76-R76 -> 4.8689 | X76: =C76-S76 -> -1.9728
A77: Nomura | B77: IQT62270106 | C77: =_xll.ciqfunctions.udf.CIQ($B77,"IQ_CDS_mid",C$2) -> 72.176 | D77: =_xll.ciqfunctions.udf.CIQ($B77,"IQ_CDS_mid",D$2) -> 72.176 | E77: =_xll.ciqfunctions.udf.CIQ($B77,"IQ_CDS_mid",E$2) -> 74.7569 | F77: =_xll.ciqfunctions.udf.CIQ($B77,"IQ_CDS_mid",F$2) -> 74.7569 | G77: =_xll.ciqfunctions.udf.CIQ($B77,"IQ_CDS_mid",G$2) -> 74.7569 | H77: =_xll.ciqfunctions.udf.CIQ($B77,"IQ_CDS_mid",H$2) -> 74.7648 | I77: =_xll.ciqfunctions.udf.CIQ($B77,"IQ_CDS_mid",I$2) -> 74.753 | J77: =_xll.ciqfunctions.udf.CIQ($B77,"IQ_CDS_mid",J$2) -> 74.7568 | ... S77: =_xll.ciqfunctions.udf.CIQ($B77,"IQ_CDS_mid",S$2) -> 71.191 | T77: =C77-H77 -> -2.5888 | U77: =C77-M77 -> -2.5803 | V77: =C77-Q77 -> -2.5811 | W77: =C77-R77 -> -3.0378 | X77: =C77-S77 -> 0.985
A78: Canada | X78: =C78-S78 -> 0
A79: Bank of Nova Scotia | B79: IQT313310854 | C79: =_xll.ciqfunctions.udf.CIQ($B79,"IQ_CDS_mid",C$2) -> 63.7516 | D79: =_xll.ciqfunctions.udf.CIQ($B79,"IQ_CDS_mid",D$2) -> 63.7516 | E79: =_xll.ciqfunctions.udf.CIQ($B79,"IQ_CDS_mid",E$2) -> 62.76 | F79: =_xll.ciqfunctions.udf.CIQ($B79,"IQ_CDS_mid",F$2) -> 62.76 | G79: =_xll.ciqfunctions.udf.CIQ($B79,"IQ_CDS_mid",G$2) -> 62.76 | H79: =_xll.ciqfunctions.udf.CIQ($B79,"IQ_CDS_mid",H$2) -> 63.202 | I79: =_xll.ciqfunctions.udf.CIQ($B79,"IQ_CDS_mid",I$2) -> 63.015 | J79: =_xll.ciqfunctions.udf.CIQ($B79,"IQ_CDS_mid",J$2) -> 62.9375 | ... S79: =_xll.ciqfunctions.udf.CIQ($B79,"IQ_CDS_mid",S$2) -> 48.0867 | T79: =C79-H79 -> 0.5496 | U79: =C79-M79 -> -0.6351 | V79: =C79-Q79 -> -0.8981 | W79: =C79-R79 -> 2.2516 | X79: =C79-S79 -> 15.6649
A80: BMO | B80: IQT313314976 | C80: =_xll.ciqfunctions.udf.CIQ($B80,"IQ_CDS_mid",C$2) -> 55.8903 | D80: =_xll.ciqfunctions.udf.CIQ($B80,"IQ_CDS_mid",D$2) -> 55.8903 | E80: =_xll.ciqfunctions.udf.CIQ($B80,"IQ_CDS_mid",E$2) -> 54.4191 | F80: =_xll.ciqfunctions.udf.CIQ($B80,"IQ_CDS_mid",F$2) -> 54.4191 | G80: =_xll.ciqfunctions.udf.CIQ($B80,"IQ_CDS_mid",G$2) -> 54.4191 | H80: =_xll.ciqfunctions.udf.CIQ($B80,"IQ_CDS_mid",H$2) -> 56.2257 | I80: =_xll.ciqfunctions.udf.CIQ($B80,"IQ_CDS_mid",I$2) -> 55.8392 | J80: =_xll.ciqfunctions.udf.CIQ($B80,"IQ_CDS_mid",J$2) -> 55.8397 | ... S80: =_xll.ciqfunctions.udf.CIQ($B80,"IQ_CDS_mid",S$2) -> 52.0084 | T80: =C80-H80 -> -0.3354 | U80: =C80-M80 -> 1.9946 | V80: =C80-Q80 -> 0.3471 | W80: =C80-R80 -> -0.6097 | X80: =C80-S80 -> 3.8819
A81: CIBC | B81: IQT313315429 | C81: =_xll.ciqfunctions.udf.CIQ($B81,"IQ_CDS_mid",C$2) -> 62.7372 | D81: =_xll.ciqfunctions.udf.CIQ($B81,"IQ_CDS_mid",D$2) -> 62.7372 | E81: =_xll.ciqfunctions.udf.CIQ($B81,"IQ_CDS_mid",E$2) -> 63.1709 | F81: =_xll.ciqfunctions.udf.CIQ($B81,"IQ_CDS_mid",F$2) -> 63.1709 | G81: =_xll.ciqfunctions.udf.CIQ($B81,"IQ_CDS_mid",G$2) -> 63.1709 | H81: =_xll.ciqfunctions.udf.CIQ($B81,"IQ_CDS_mid",H$2) -> 63.5 | I81: =_xll.ciqfunctions.udf.CIQ($B81,"IQ_CDS_mid",I$2) -> 64.1691 | J81: =_xll.ciqfunctions.udf.CIQ($B81,"IQ_CDS_mid",J$2) -> 62.6288 | ... S81: =_xll.ciqfunctions.udf.CIQ($B81,"IQ_CDS_mid",S$2) -> 48.8024 | T81: =C81-H81 -> -0.7628 | U81: =C81-M81 -> -1.1418 | V81: =C81-Q81 -> -1.1401 | W81: =C81-R81 -> 0.4039 | X81: =C81-S81 -> 13.9348
A82: TD | B82: IQT46220329 | C82: =_xll.ciqfunctions.udf.CIQ($B82,"IQ_CDS_mid",C$2) -> 60.3326 | D82: =_xll.ciqfunctions.udf.CIQ($B82,"IQ_CDS_mid",D$2) -> 60.3326 | E82: =_xll.ciqfunctions.udf.CIQ($B82,"IQ_CDS_mid",E$2) -> 60.3333 | F82: =_xll.ciqfunctions.udf.CIQ($B82,"IQ_CDS_mid",F$2) -> 60.3333 | G82: =_xll.ciqfunctions.udf.CIQ($B82,"IQ_CDS_mid",G$2) -> 60.3333 | H82: =_xll.ciqfunctions.udf.CIQ($B82,"IQ_CDS_mid",H$2) -> 61 | I82: =_xll.ciqfunctions.udf.CIQ($B82,"IQ_CDS_mid",I$2) -> 60.5 | J82: =_xll.ciqfunctions.udf.CIQ($B82,"IQ_CDS_mid",J$2) -> 60.5 | ... S82: =_xll.ciqfunctions.udf.CIQ($B82,"IQ_CDS_mid",S$2) -> 42.9232 | T82: =C82-H82 -> -0.6674 | U82: =C82-M82 -> -0.1674 | V82: =C82-Q82 -> -0.1674 | W82: =C82-R82 -> 3.8326 | X82: =C82-S82 -> 17.4094
A83: RBC | B83: IQT313317344 | C83: =_xll.ciqfunctions.udf.CIQ($B83,"IQ_CDS_mid",C$2) -> 61.6992 | D83: =_xll.ciqfunctions.udf.CIQ($B83,"IQ_CDS_mid",D$2) -> 61.6992 | E83: =_xll.ciqfunctions.udf.CIQ($B83,"IQ_CDS_mid",E$2) -> 61.9689 | F83: =_xll.ciqfunctions.udf.CIQ($B83,"IQ_CDS_mid",F$2) -> 61.9689 | G83: =_xll.ciqfunctions.udf.CIQ($B83,"IQ_CDS_mid",G$2) -> 61.9689 | H83: =_xll.ciqfunctions.udf.CIQ($B83,"IQ_CDS_mid",H$2) -> 62.3855 | I83: =_xll.ciqfunctions.udf.CIQ($B83,"IQ_CDS_mid",I$2) -> 62.1407 | J83: =_xll.ciqfunctions.udf.CIQ($B83,"IQ_CDS_mid",J$2) -> 62.0055 | ... S83: =_xll.ciqfunctions.udf.CIQ($B83,"IQ_CDS_mid",S$2) -> 50.9508 | T83: =C83-H83 -> -0.6863 | U83: =C83-M83 -> 0.215 | V83: =C83-Q83 -> -1.0373 | W83: =C83-R83 -> 1.1969 | X83: =C83-S83 -> 10.7484
A84: Nationale | B84: IQT313313524 | C84: =_xll.ciqfunctions.udf.CIQ($B84,"IQ_CDS_mid",C$2) -> 55.8787 | D84: =_xll.ciqfunctions.udf.CIQ($B84,"IQ_CDS_mid",D$2) -> 55.8787 | E84: =_xll.ciqfunctions.udf.CIQ($B84,"IQ_CDS_mid",E$2) -> 54.4904 | F84: =_xll.ciqfunctions.udf.CIQ($B84,"IQ_CDS_mid",F$2) -> 54.4904 | G84: =_xll.ciqfunctions.udf.CIQ($B84,"IQ_CDS_mid",G$2) -> 54.4904 | H84: =_xll.ciqfunctions.udf.CIQ($B84,"IQ_CDS_mid",H$2) -> 56.0272 | I84: =_xll.ciqfunctions.udf.CIQ($B84,"IQ_CDS_mid",I$2) -> 55.7191 | J84: =_xll.ciqfunctions.udf.CIQ($B84,"IQ_CDS_mid",J$2) -> 55.2546 | ... S84: =_xll.ciqfunctions.udf.CIQ($B84,"IQ_CDS_mid",S$2) -> 52.6316 | T84: =C84-H84 -> -0.1485 | U84: =C84-M84 -> 1.0702 | V84: =C84-Q84 -> -0.0497 | W84: =C84-R84 -> -4.6014 | X84: =C84-S84 -> 3.2471
A85: Laurentian
